trade_number,timestamp,setup_id,symbol,asset_class,timeframe,side,scenario,outcome,realized_r,ladder_step_at_entry,risk_pct_at_entry,risk_dollars_at_entry,equity_before,pnl_dollars,equity_after,next_ladder_step,next_risk_pct
1,2026-04-05T21:00:00+00:00,cwt-usd_jpy-5m-scenario2-long-202604052100,USD_JPY,forex,5m,long,scenario2,sl_hit,-1.0,1,0.07,70.0,100000.0,-70.0,99930.0,2,0.2
2,2026-04-05T21:40:00+00:00,cwt-usd_jpy-5m-scenario2-long-202604052140,USD_JPY,forex,5m,long,scenario2,sl_hit,-1.0,2,0.2,199.86,99930.0,-199.86,99730.14,3,0.45
3,2026-04-05T22:05:00+00:00,cwt-eur_usd-5m-scenario2-short-202604052205,EUR_USD,forex,5m,short,scenario2,sl_hit,-1.0,1,0.07,69.81,99730.14,-69.81,99660.33,2,0.2
4,2026-04-05T22:05:00+00:00,cwt-nzd_usd-5m-scenario2-short-202604052205,NZD_USD,forex,5m,short,scenario2,sl_hit,-1.0,1,0.07,69.76,99660.33,-69.76,99590.57,2,0.2
5,2026-04-05T23:30:00+00:00,cwt-eur_usd-5m-scenario1-short-202604052330,EUR_USD,forex,5m,short,scenario1,sl_hit,-1.0,2,0.2,199.18,99590.57,-199.18,99391.39,3,0.45
6,2026-04-05T23:40:00+00:00,cwt-aud_usd-5m-scenario2-short-202604052340,AUD_USD,forex,5m,short,scenario2,sl_hit,-1.0,1,0.07,69.57,99391.39,-69.57,99321.81,2,0.2
7,2026-04-05T23:45:00+00:00,cwt-eur_usd-5m-scenario1-short-202604052345,EUR_USD,forex,5m,short,scenario1,sl_hit,-1.0,3,0.45,446.95,99321.81,-446.95,98874.86,4,1.0
8,2026-04-06T00:05:00+00:00,cwt-spx500_usd-5m-scenario2-long-202604060005,SPX500_USD,index,5m,long,scenario2,tp_hit,1.0,1,0.07,69.21,98874.86,69.21,98944.08,1,0.07
9,2026-04-06T00:45:00+00:00,cwt-nas100_usd-5m-scenario1-long-202604060045,NAS100_USD,index,5m,long,scenario1,tp_hit,1.0,1,0.07,69.26,98944.08,69.26,99013.34,1,0.07
10,2026-04-06T01:35:00+00:00,cwt-eur_usd-5m-scenario1-short-202604060135,EUR_USD,forex,5m,short,scenario1,sl_hit,-1.0,4,1.0,990.13,99013.34,-990.13,98023.2,4,1.0
11,2026-04-06T01:55:00+00:00,cwt-eur_usd-5m-scenario1-short-202604060155,EUR_USD,forex,5m,short,scenario1,sl_hit,-1.0,4,1.0,980.23,98023.2,-980.23,97042.97,4,1.0
12,2026-04-06T01:55:00+00:00,cwt-nzd_usd-5m-scenario2-short-202604060155,NZD_USD,forex,5m,short,scenario2,sl_hit,-1.0,2,0.2,194.09,97042.97,-194.09,96848.89,3,0.45
13,2026-04-06T02:00:00+00:00,cwt-eur_usd-5m-scenario1-short-202604060200,EUR_USD,forex,5m,short,scenario1,sl_hit,-1.0,4,1.0,968.49,96848.89,-968.49,95880.4,4,1.0
14,2026-04-06T04:05:00+00:00,cwt-nas100_usd-5m-scenario2-long-202604060405,NAS100_USD,index,5m,long,scenario2,sl_hit,-1.0,1,0.07,67.12,95880.4,-67.12,95813.28,2,0.2
15,2026-04-06T04:40:00+00:00,cwt-nas100_usd-5m-scenario1-long-202604060440,NAS100_USD,index,5m,long,scenario1,tp_hit,1.0,2,0.2,191.63,95813.28,191.63,96004.91,1,0.07
16,2026-04-06T05:10:00+00:00,cwt-nas100_usd-5m-scenario1-long-202604060510,NAS100_USD,index,5m,long,scenario1,sl_hit,-1.0,1,0.07,67.2,96004.91,-67.2,95937.7,2,0.2
17,2026-04-06T08:25:00+00:00,cwt-nas100_usd-5m-scenario1-long-202604060825,NAS100_USD,index,5m,long,scenario1,tp_hit,1.0,2,0.2,191.88,95937.7,191.88,96129.58,1,0.07
18,2026-04-06T08:30:00+00:00,cwt-nas100_usd-5m-scenario1-long-202604060830,NAS100_USD,index,5m,long,scenario1,sl_hit,-1.0,1,0.07,67.29,96129.58,-67.29,96062.29,2,0.2
19,2026-04-06T08:35:00+00:00,cwt-nas100_usd-5m-scenario1-long-202604060835,NAS100_USD,index,5m,long,scenario1,sl_hit,-1.0,2,0.2,192.12,96062.29,-192.12,95870.16,3,0.45
20,2026-04-06T08:40:00+00:00,cwt-nas100_usd-5m-scenario1-long-202604060840,NAS100_USD,index,5m,long,scenario1,sl_hit,-1.0,3,0.45,431.42,95870.16,-431.42,95438.75,4,1.0
21,2026-04-06T09:05:00+00:00,cwt-nas100_usd-5m-scenario1-long-202604060905,NAS100_USD,index,5m,long,scenario1,sl_hit,-1.0,4,1.0,954.39,95438.75,-954.39,94484.36,4,1.0
22,2026-04-06T09:05:00+00:00,cwt-spx500_usd-5m-scenario1-long-202604060905,SPX500_USD,index,5m,long,scenario1,sl_hit,-1.0,1,0.07,66.14,94484.36,-66.14,94418.22,2,0.2
23,2026-04-06T11:50:00+00:00,cwt-aud_usd-5m-scenario2-long-202604061150,AUD_USD,forex,5m,long,scenario2,sl_hit,-1.0,2,0.2,188.84,94418.22,-188.84,94229.38,3,0.45
24,2026-04-06T12:10:00+00:00,cwt-aud_usd-5m-scenario2-long-202604061210,AUD_USD,forex,5m,long,scenario2,sl_hit,-1.0,3,0.45,424.03,94229.38,-424.03,93805.35,4,1.0
25,2026-04-06T12:35:00+00:00,cwt-nas100_usd-5m-scenario2-long-202604061235,NAS100_USD,index,5m,long,scenario2,tp_hit,1.0,4,1.0,938.05,93805.35,938.05,94743.41,1,0.07
26,2026-04-06T12:55:00+00:00,cwt-spx500_usd-5m-scenario2-long-202604061255,SPX500_USD,index,5m,long,scenario2,tp_hit,1.0,2,0.2,189.49,94743.41,189.49,94932.89,1,0.07
27,2026-04-06T13:15:00+00:00,cwt-eur_usd-5m-scenario1-long-202604061315,EUR_USD,forex,5m,long,scenario1,tp_hit,1.0,4,1.0,949.33,94932.89,949.33,95882.22,1,0.07
28,2026-04-06T13:30:00+00:00,cwt-eur_usd-5m-scenario1-long-202604061330,EUR_USD,forex,5m,long,scenario1,tp_hit,1.0,1,0.07,67.12,95882.22,67.12,95949.34,1,0.07
29,2026-04-06T13:35:00+00:00,cwt-eur_usd-5m-scenario1-long-202604061335,EUR_USD,forex,5m,long,scenario1,tp_hit,1.0,1,0.07,67.16,95949.34,67.16,96016.5,1,0.07
30,2026-04-06T13:35:00+00:00,cwt-nas100_usd-5m-scenario2-long-202604061335,NAS100_USD,index,5m,long,scenario2,sl_hit,-1.0,1,0.07,67.21,96016.5,-67.21,95949.29,2,0.2
31,2026-04-06T13:35:00+00:00,cwt-nzd_usd-5m-scenario1-long-202604061335,NZD_USD,forex,5m,long,scenario1,sl_hit,-1.0,3,0.45,431.77,95949.29,-431.77,95517.52,4,1.0
32,2026-04-06T13:35:00+00:00,cwt-spx500_usd-5m-scenario2-long-202604061335,SPX500_USD,index,5m,long,scenario2,sl_hit,-1.0,1,0.07,66.86,95517.52,-66.86,95450.66,2,0.2
33,2026-04-06T13:45:00+00:00,cwt-nas100_usd-5m-scenario2-long-202604061345,NAS100_USD,index,5m,long,scenario2,sl_hit,-1.0,2,0.2,190.9,95450.66,-190.9,95259.76,3,0.45
34,2026-04-06T13:45:00+00:00,cwt-spx500_usd-5m-scenario2-long-202604061345,SPX500_USD,index,5m,long,scenario2,tp_hit,1.0,2,0.2,190.52,95259.76,190.52,95450.28,1,0.07
35,2026-04-06T13:55:00+00:00,cwt-eur_usd-5m-scenario1-long-202604061355,EUR_USD,forex,5m,long,scenario1,tp_hit,1.0,1,0.07,66.82,95450.28,66.82,95517.09,1,0.07
36,2026-04-06T14:00:00+00:00,cwt-gbp_jpy-15m-scenario1-long-202604061400,GBP_JPY,forex_cross,15m,long,scenario1,tp_hit,1.0,1,0.07,66.86,95517.09,66.86,95583.95,1,0.07
37,2026-04-06T14:20:00+00:00,cwt-spx500_usd-5m-scenario1-long-202604061420,SPX500_USD,index,5m,long,scenario1,sl_hit,-1.0,1,0.07,66.91,95583.95,-66.91,95517.04,2,0.2
38,2026-04-06T14:35:00+00:00,cwt-eur_usd-5m-scenario1-long-202604061435,EUR_USD,forex,5m,long,scenario1,sl_hit,-1.0,1,0.07,66.86,95517.04,-66.86,95450.18,2,0.2
39,2026-04-06T15:50:00+00:00,cwt-nas100_usd-5m-scenario2-long-202604061550,NAS100_USD,index,5m,long,scenario2,sl_hit,-1.0,3,0.45,429.53,95450.18,-429.53,95020.66,4,1.0
40,2026-04-06T16:35:00+00:00,cwt-nas100_usd-5m-scenario1-long-202604061635,NAS100_USD,index,5m,long,scenario1,sl_hit,-1.0,4,1.0,950.21,95020.66,-950.21,94070.45,4,1.0
41,2026-04-06T16:40:00+00:00,cwt-nas100_usd-5m-scenario1-long-202604061640,NAS100_USD,index,5m,long,scenario1,sl_hit,-1.0,4,1.0,940.7,94070.45,-940.7,93129.75,4,1.0
42,2026-04-06T16:40:00+00:00,cwt-spx500_usd-5m-scenario1-long-202604061640,SPX500_USD,index,5m,long,scenario1,sl_hit,-1.0,2,0.2,186.26,93129.75,-186.26,92943.49,3,0.45
43,2026-04-06T16:50:00+00:00,cwt-nas100_usd-5m-scenario1-long-202604061650,NAS100_USD,index,5m,long,scenario1,sl_hit,-1.0,4,1.0,929.43,92943.49,-929.43,92014.05,4,1.0
44,2026-04-06T16:50:00+00:00,cwt-spx500_usd-5m-scenario1-long-202604061650,SPX500_USD,index,5m,long,scenario1,sl_hit,-1.0,3,0.45,414.06,92014.05,-414.06,91599.99,4,1.0
45,2026-04-06T18:15:00+00:00,cwt-nas100_usd-5m-scenario2-long-202604061815,NAS100_USD,index,5m,long,scenario2,sl_hit,-1.0,4,1.0,916.0,91599.99,-916.0,90683.99,4,1.0
46,2026-04-06T18:15:00+00:00,cwt-spx500_usd-5m-scenario2-long-202604061815,SPX500_USD,index,5m,long,scenario2,tp_hit,1.0,4,1.0,906.84,90683.99,906.84,91590.83,1,0.07
47,2026-04-06T18:30:00+00:00,cwt-gbp_jpy-15m-scenario1-long-202604061830,GBP_JPY,forex_cross,15m,long,scenario1,sl_hit,-1.0,1,0.07,64.11,91590.83,-64.11,91526.71,2,0.2
48,2026-04-06T18:55:00+00:00,cwt-spx500_usd-5m-scenario1-long-202604061855,SPX500_USD,index,5m,long,scenario1,tp_hit,1.0,1,0.07,64.07,91526.71,64.07,91590.78,1,0.07
49,2026-04-06T20:25:00+00:00,cwt-spx500_usd-5m-scenario1-long-202604062025,SPX500_USD,index,5m,long,scenario1,tp_hit,1.0,1,0.07,64.11,91590.78,64.11,91654.9,1,0.07
50,2026-04-06T21:15:00+00:00,cwt-gbp_jpy-15m-scenario1-long-202604062115,GBP_JPY,forex_cross,15m,long,scenario1,sl_hit,-1.0,2,0.2,183.31,91654.9,-183.31,91471.59,3,0.45
51,2026-04-06T23:00:00+00:00,cwt-usd_jpy-5m-scenario2-long-202604062300,USD_JPY,forex,5m,long,scenario2,tp_hit,1.0,3,0.45,411.62,91471.59,411.62,91883.21,1,0.07
52,2026-04-07T00:15:00+00:00,cwt-gbp_jpy-15m-scenario2-long-202604070015,GBP_JPY,forex_cross,15m,long,scenario2,tp_hit,1.0,3,0.45,413.47,91883.21,413.47,92296.68,1,0.07
53,2026-04-07T00:20:00+00:00,cwt-spx500_usd-5m-scenario2-long-202604070020,SPX500_USD,index,5m,long,scenario2,sl_hit,-1.0,1,0.07,64.61,92296.68,-64.61,92232.08,2,0.2
54,2026-04-07T00:30:00+00:00,cwt-usd_jpy-5m-scenario1-long-202604070030,USD_JPY,forex,5m,long,scenario1,tp_hit,1.0,1,0.07,64.56,92232.08,64.56,92296.64,1,0.07
55,2026-04-07T00:35:00+00:00,cwt-usd_jpy-5m-scenario1-long-202604070035,USD_JPY,forex,5m,long,scenario1,tp_hit,1.0,1,0.07,64.61,92296.64,64.61,92361.25,1,0.07
56,2026-04-07T00:55:00+00:00,cwt-usd_jpy-5m-scenario1-long-202604070055,USD_JPY,forex,5m,long,scenario1,tp_hit,1.0,1,0.07,64.65,92361.25,64.65,92425.9,1,0.07
57,2026-04-07T01:00:00+00:00,cwt-usd_jpy-5m-scenario1-long-202604070100,USD_JPY,forex,5m,long,scenario1,sl_hit,-1.0,1,0.07,64.7,92425.9,-64.7,92361.2,2,0.2
58,2026-04-07T01:40:00+00:00,cwt-usd_jpy-5m-scenario1-long-202604070140,USD_JPY,forex,5m,long,scenario1,sl_hit,-1.0,2,0.2,184.72,92361.2,-184.72,92176.48,3,0.45
59,2026-04-07T01:45:00+00:00,cwt-usd_jpy-5m-scenario1-long-202604070145,USD_JPY,forex,5m,long,scenario1,sl_hit,-1.0,3,0.45,414.79,92176.48,-414.79,91761.68,4,1.0
60,2026-04-07T04:00:00+00:00,cwt-gbp_jpy-15m-scenario2-long-202604070400,GBP_JPY,forex_cross,15m,long,scenario2,sl_hit,-1.0,1,0.07,64.23,91761.68,-64.23,91697.45,2,0.2
61,2026-04-07T05:15:00+00:00,cwt-uk100_gbp-5m-scenario2-long-202604070515,UK100_GBP,index,5m,long,scenario2,sl_hit,-1.0,1,0.07,64.19,91697.45,-64.19,91633.26,2,0.2
62,2026-04-07T05:45:00+00:00,cwt-usd_jpy-5m-scenario2-long-202604070545,USD_JPY,forex,5m,long,scenario2,sl_hit,-1.0,4,1.0,916.33,91633.26,-916.33,90716.93,4,1.0
63,2026-04-07T06:15:00+00:00,cwt-uk100_gbp-5m-scenario2-long-202604070615,UK100_GBP,index,5m,long,scenario2,sl_hit,-1.0,2,0.2,181.43,90716.93,-181.43,90535.5,3,0.45
64,2026-04-07T06:40:00+00:00,cwt-usd_jpy-5m-scenario2-long-202604070640,USD_JPY,forex,5m,long,scenario2,tp_hit,1.0,4,1.0,905.35,90535.5,905.35,91440.85,1,0.07
65,2026-04-07T08:10:00+00:00,cwt-uk100_gbp-5m-scenario2-long-202604070810,UK100_GBP,index,5m,long,scenario2,tp_hit,1.0,3,0.45,411.48,91440.85,411.48,91852.34,1,0.07
66,2026-04-07T08:15:00+00:00,cwt-gbp_jpy-15m-scenario1-long-202604070815,GBP_JPY,forex_cross,15m,long,scenario1,tp_hit,1.0,2,0.2,183.7,91852.34,183.7,92036.04,1,0.07
67,2026-04-07T08:45:00+00:00,cwt-gbp_jpy-15m-scenario1-long-202604070845,GBP_JPY,forex_cross,15m,long,scenario1,tp_hit,1.0,1,0.07,64.43,92036.04,64.43,92100.47,1,0.07
68,2026-04-07T09:00:00+00:00,cwt-gbp_jpy-15m-scenario1-long-202604070900,GBP_JPY,forex_cross,15m,long,scenario1,tp_hit,1.0,1,0.07,64.47,92100.47,64.47,92164.94,1,0.07
69,2026-04-07T09:05:00+00:00,cwt-uk100_gbp-5m-scenario1-long-202604070905,UK100_GBP,index,5m,long,scenario1,sl_hit,-1.0,1,0.07,64.52,92164.94,-64.52,92100.42,2,0.2
70,2026-04-07T10:05:00+00:00,cwt-usd_jpy-5m-scenario2-long-202604071005,USD_JPY,forex,5m,long,scenario2,tp_hit,1.0,1,0.07,64.47,92100.42,64.47,92164.89,1,0.07
71,2026-04-07T10:45:00+00:00,cwt-usd_jpy-5m-scenario1-long-202604071045,USD_JPY,forex,5m,long,scenario1,tp_hit,1.0,1,0.07,64.52,92164.89,64.52,92229.41,1,0.07
72,2026-04-07T10:55:00+00:00,cwt-usd_jpy-5m-scenario1-long-202604071055,USD_JPY,forex,5m,long,scenario1,tp_hit,1.0,1,0.07,64.56,92229.41,64.56,92293.97,1,0.07
73,2026-04-07T11:00:00+00:00,cwt-usd_jpy-5m-scenario1-long-202604071100,USD_JPY,forex,5m,long,scenario1,tp_hit,1.0,1,0.07,64.61,92293.97,64.61,92358.57,1,0.07
74,2026-04-07T11:10:00+00:00,cwt-usd_jpy-5m-scenario1-long-202604071110,USD_JPY,forex,5m,long,scenario1,tp_hit,1.0,1,0.07,64.65,92358.57,64.65,92423.22,1,0.07
75,2026-04-07T11:15:00+00:00,cwt-usd_jpy-5m-scenario1-long-202604071115,USD_JPY,forex,5m,long,scenario1,tp_hit,1.0,1,0.07,64.7,92423.22,64.7,92487.92,1,0.07
76,2026-04-07T11:35:00+00:00,cwt-usd_jpy-5m-scenario1-long-202604071135,USD_JPY,forex,5m,long,scenario1,tp_hit,1.0,1,0.07,64.74,92487.92,64.74,92552.66,1,0.07
77,2026-04-07T14:20:00+00:00,cwt-usd_jpy-5m-scenario1-long-202604071420,USD_JPY,forex,5m,long,scenario1,sl_hit,-1.0,1,0.07,64.79,92552.66,-64.79,92487.87,2,0.2
78,2026-04-07T14:25:00+00:00,cwt-aud_usd-5m-scenario2-long-202604071425,AUD_USD,forex,5m,long,scenario2,tp_hit,1.0,4,1.0,924.88,92487.87,924.88,93412.75,1,0.07
79,2026-04-07T14:45:00+00:00,cwt-gbp_jpy-15m-scenario1-long-202604071445,GBP_JPY,forex_cross,15m,long,scenario1,tp_hit,1.0,1,0.07,65.39,93412.75,65.39,93478.14,1,0.07
80,2026-04-07T16:35:00+00:00,cwt-aud_usd-5m-scenario1-long-202604071635,AUD_USD,forex,5m,long,scenario1,tp_hit,1.0,1,0.07,65.43,93478.14,65.43,93543.58,1,0.07
81,2026-04-07T17:15:00+00:00,cwt-gbp_jpy-15m-scenario1-long-202604071715,GBP_JPY,forex_cross,15m,long,scenario1,tp_hit,1.0,1,0.07,65.48,93543.58,65.48,93609.06,1,0.07
82,2026-04-07T17:50:00+00:00,cwt-aud_usd-5m-scenario1-long-202604071750,AUD_USD,forex,5m,long,scenario1,tp_hit,1.0,1,0.07,65.53,93609.06,65.53,93674.58,1,0.07
83,2026-04-07T18:20:00+00:00,cwt-aud_usd-5m-scenario1-long-202604071820,AUD_USD,forex,5m,long,scenario1,sl_hit,-1.0,1,0.07,65.57,93674.58,-65.57,93609.01,2,0.2
84,2026-04-07T18:20:00+00:00,cwt-eur_usd-5m-scenario1-long-202604071820,EUR_USD,forex,5m,long,scenario1,sl_hit,-1.0,2,0.2,187.22,93609.01,-187.22,93421.79,3,0.45
85,2026-04-07T18:25:00+00:00,cwt-aud_usd-5m-scenario1-long-202604071825,AUD_USD,forex,5m,long,scenario1,sl_hit,-1.0,2,0.2,186.84,93421.79,-186.84,93234.95,3,0.45
86,2026-04-07T18:25:00+00:00,cwt-eur_usd-5m-scenario1-long-202604071825,EUR_USD,forex,5m,long,scenario1,sl_hit,-1.0,3,0.45,419.56,93234.95,-419.56,92815.39,4,1.0
87,2026-04-07T19:00:00+00:00,cwt-usd_jpy-5m-scenario2-long-202604071900,USD_JPY,forex,5m,long,scenario2,sl_hit,-1.0,2,0.2,185.63,92815.39,-185.63,92629.76,3,0.45
88,2026-04-07T19:30:00+00:00,cwt-gbp_jpy-15m-scenario1-long-202604071930,GBP_JPY,forex_cross,15m,long,scenario1,tp_hit,1.0,1,0.07,64.84,92629.76,64.84,92694.6,1,0.07
89,2026-04-07T19:50:00+00:00,cwt-eur_usd-5m-scenario1-long-202604071950,EUR_USD,forex,5m,long,scenario1,tp_hit,1.0,4,1.0,926.95,92694.6,926.95,93621.55,1,0.07
90,2026-04-07T20:00:00+00:00,cwt-gbp_jpy-15m-scenario1-long-202604072000,GBP_JPY,forex_cross,15m,long,scenario1,tp_hit,1.0,1,0.07,65.54,93621.55,65.54,93687.08,1,0.07
91,2026-04-07T20:10:00+00:00,cwt-aud_usd-5m-scenario1-long-202604072010,AUD_USD,forex,5m,long,scenario1,tp_hit,1.0,3,0.45,421.59,93687.08,421.59,94108.68,1,0.07
92,2026-04-07T20:10:00+00:00,cwt-eur_usd-5m-scenario1-long-202604072010,EUR_USD,forex,5m,long,scenario1,tp_hit,1.0,1,0.07,65.88,94108.68,65.88,94174.55,1,0.07
93,2026-04-07T20:15:00+00:00,cwt-aud_usd-5m-scenario1-long-202604072015,AUD_USD,forex,5m,long,scenario1,tp_hit,1.0,1,0.07,65.92,94174.55,65.92,94240.47,1,0.07
94,2026-04-07T20:15:00+00:00,cwt-eur_usd-5m-scenario1-long-202604072015,EUR_USD,forex,5m,long,scenario1,tp_hit,1.0,1,0.07,65.97,94240.47,65.97,94306.44,1,0.07
95,2026-04-07T20:20:00+00:00,cwt-eur_usd-5m-scenario1-long-202604072020,EUR_USD,forex,5m,long,scenario1,tp_hit,1.0,1,0.07,66.01,94306.44,66.01,94372.46,1,0.07
96,2026-04-07T20:30:00+00:00,cwt-gbp_jpy-15m-scenario1-long-202604072030,GBP_JPY,forex_cross,15m,long,scenario1,tp_hit,1.0,1,0.07,66.06,94372.46,66.06,94438.52,1,0.07
97,2026-04-07T21:30:00+00:00,cwt-gbp_jpy-15m-scenario1-long-202604072130,GBP_JPY,forex_cross,15m,long,scenario1,tp_hit,1.0,1,0.07,66.11,94438.52,66.11,94504.62,1,0.07
98,2026-04-07T21:35:00+00:00,cwt-eur_usd-5m-scenario1-long-202604072135,EUR_USD,forex,5m,long,scenario1,tp_hit,1.0,1,0.07,66.15,94504.62,66.15,94570.78,1,0.07
99,2026-04-07T21:45:00+00:00,cwt-gbp_jpy-15m-scenario1-long-202604072145,GBP_JPY,forex_cross,15m,long,scenario1,tp_hit,1.0,1,0.07,66.2,94570.78,66.2,94636.98,1,0.07
100,2026-04-07T22:15:00+00:00,cwt-gbp_jpy-15m-scenario1-long-202604072215,GBP_JPY,forex_cross,15m,long,scenario1,tp_hit,1.0,1,0.07,66.25,94636.98,66.25,94703.22,1,0.07
101,2026-04-07T22:25:00+00:00,cwt-aud_usd-5m-scenario1-long-202604072225,AUD_USD,forex,5m,long,scenario1,sl_hit,-1.0,1,0.07,66.29,94703.22,-66.29,94636.93,2,0.2
102,2026-04-07T22:40:00+00:00,cwt-aud_usd-5m-scenario1-long-202604072240,AUD_USD,forex,5m,long,scenario1,tp_hit,1.0,2,0.2,189.27,94636.93,189.27,94826.2,1,0.07
103,2026-04-07T22:40:00+00:00,cwt-eur_usd-5m-scenario1-long-202604072240,EUR_USD,forex,5m,long,scenario1,tp_hit,1.0,1,0.07,66.38,94826.2,66.38,94892.58,1,0.07
104,2026-04-07T22:45:00+00:00,cwt-aud_usd-5m-scenario1-long-202604072245,AUD_USD,forex,5m,long,scenario1,tp_hit,1.0,1,0.07,66.42,94892.58,66.42,94959.01,1,0.07
105,2026-04-07T22:45:00+00:00,cwt-gbp_jpy-15m-scenario1-long-202604072245,GBP_JPY,forex_cross,15m,long,scenario1,tp_hit,1.0,1,0.07,66.47,94959.01,66.47,95025.48,1,0.07
106,2026-04-07T22:55:00+00:00,cwt-eur_usd-5m-scenario1-long-202604072255,EUR_USD,forex,5m,long,scenario1,tp_hit,1.0,1,0.07,66.52,95025.48,66.52,95092.0,1,0.07
107,2026-04-08T00:00:00+00:00,cwt-gbp_jpy-15m-scenario1-long-202604080000,GBP_JPY,forex_cross,15m,long,scenario1,tp_hit,1.0,1,0.07,66.56,95092.0,66.56,95158.56,1,0.07
108,2026-04-08T01:25:00+00:00,cwt-eur_usd-5m-scenario1-long-202604080125,EUR_USD,forex,5m,long,scenario1,tp_hit,1.0,1,0.07,66.61,95158.56,66.61,95225.17,1,0.07
109,2026-04-08T01:30:00+00:00,cwt-eur_usd-5m-scenario1-long-202604080130,EUR_USD,forex,5m,long,scenario1,sl_hit,-1.0,1,0.07,66.66,95225.17,-66.66,95158.51,2,0.2
110,2026-04-08T01:50:00+00:00,cwt-aud_usd-5m-scenario1-long-202604080150,AUD_USD,forex,5m,long,scenario1,sl_hit,-1.0,1,0.07,66.61,95158.51,-66.61,95091.9,2,0.2
111,2026-04-08T02:05:00+00:00,cwt-nas100_usd-5m-scenario1-long-202604080205,NAS100_USD,index,5m,long,scenario1,tp_hit,1.0,4,1.0,950.92,95091.9,950.92,96042.82,1,0.07
112,2026-04-08T02:05:00+00:00,cwt-nzd_usd-5m-scenario1-long-202604080205,NZD_USD,forex,5m,long,scenario1,tp_hit,1.0,4,1.0,960.43,96042.82,960.43,97003.25,1,0.07
113,2026-04-08T02:05:00+00:00,cwt-spx500_usd-5m-scenario1-long-202604080205,SPX500_USD,index,5m,long,scenario1,tp_hit,1.0,2,0.2,194.01,97003.25,194.01,97197.26,1,0.07
114,2026-04-08T02:15:00+00:00,cwt-spx500_usd-5m-scenario1-long-202604080215,SPX500_USD,index,5m,long,scenario1,tp_hit,1.0,1,0.07,68.04,97197.26,68.04,97265.3,1,0.07
115,2026-04-08T02:35:00+00:00,cwt-spx500_usd-5m-scenario1-long-202604080235,SPX500_USD,index,5m,long,scenario1,tp_hit,1.0,1,0.07,68.09,97265.3,68.09,97333.38,1,0.07
116,2026-04-08T02:40:00+00:00,cwt-nas100_usd-5m-scenario1-long-202604080240,NAS100_USD,index,5m,long,scenario1,tp_hit,1.0,1,0.07,68.13,97333.38,68.13,97401.51,1,0.07
117,2026-04-08T02:40:00+00:00,cwt-spx500_usd-5m-scenario1-long-202604080240,SPX500_USD,index,5m,long,scenario1,tp_hit,1.0,1,0.07,68.18,97401.51,68.18,97469.7,1,0.07
118,2026-04-08T03:45:00+00:00,cwt-nzd_usd-5m-scenario1-long-202604080345,NZD_USD,forex,5m,long,scenario1,tp_hit,1.0,1,0.07,68.23,97469.7,68.23,97537.92,1,0.07
119,2026-04-08T03:45:00+00:00,cwt-usd_jpy-5m-scenario1-short-202604080345,USD_JPY,forex,5m,short,scenario1,tp_hit,1.0,3,0.45,438.92,97537.92,438.92,97976.84,1,0.07
120,2026-04-08T03:55:00+00:00,cwt-nzd_usd-5m-scenario1-long-202604080355,NZD_USD,forex,5m,long,scenario1,tp_hit,1.0,1,0.07,68.58,97976.84,68.58,98045.43,1,0.07
121,2026-04-08T04:05:00+00:00,cwt-aud_usd-5m-scenario2-long-202604080405,AUD_USD,forex,5m,long,scenario2,tp_hit,1.0,2,0.2,196.09,98045.43,196.09,98241.52,1,0.07
122,2026-04-08T04:05:00+00:00,cwt-eur_usd-5m-scenario2-long-202604080405,EUR_USD,forex,5m,long,scenario2,tp_hit,1.0,2,0.2,196.48,98241.52,196.48,98438.0,1,0.07
123,2026-04-08T04:05:00+00:00,cwt-nzd_usd-5m-scenario1-long-202604080405,NZD_USD,forex,5m,long,scenario1,tp_hit,1.0,1,0.07,68.91,98438.0,68.91,98506.91,1,0.07
124,2026-04-08T04:15:00+00:00,cwt-nzd_usd-5m-scenario1-long-202604080415,NZD_USD,forex,5m,long,scenario1,tp_hit,1.0,1,0.07,68.95,98506.91,68.95,98575.86,1,0.07
125,2026-04-08T04:15:00+00:00,cwt-spx500_usd-5m-scenario1-long-202604080415,SPX500_USD,index,5m,long,scenario1,tp_hit,1.0,1,0.07,69.0,98575.86,69.0,98644.87,1,0.07
126,2026-04-08T04:35:00+00:00,cwt-nzd_usd-5m-scenario1-long-202604080435,NZD_USD,forex,5m,long,scenario1,tp_hit,1.0,1,0.07,69.05,98644.87,69.05,98713.92,1,0.07
127,2026-04-08T04:35:00+00:00,cwt-spx500_usd-5m-scenario1-long-202604080435,SPX500_USD,index,5m,long,scenario1,tp_hit,1.0,1,0.07,69.1,98713.92,69.1,98783.02,1,0.07
128,2026-04-08T05:10:00+00:00,cwt-usd_jpy-5m-scenario1-short-202604080510,USD_JPY,forex,5m,short,scenario1,tp_hit,1.0,1,0.07,69.15,98783.02,69.15,98852.17,1,0.07
129,2026-04-08T05:25:00+00:00,cwt-aud_usd-5m-scenario1-long-202604080525,AUD_USD,forex,5m,long,scenario1,sl_hit,-1.0,1,0.07,69.2,98852.17,-69.2,98782.97,2,0.2
130,2026-04-08T05:25:00+00:00,cwt-eur_usd-5m-scenario1-long-202604080525,EUR_USD,forex,5m,long,scenario1,tp_hit,1.0,1,0.07,69.15,98782.97,69.15,98852.12,1,0.07
131,2026-04-08T05:25:00+00:00,cwt-usd_jpy-5m-scenario1-short-202604080525,USD_JPY,forex,5m,short,scenario1,tp_hit,1.0,1,0.07,69.2,98852.12,69.2,98921.31,1,0.07
132,2026-04-08T05:35:00+00:00,cwt-aud_usd-5m-scenario1-long-202604080535,AUD_USD,forex,5m,long,scenario1,sl_hit,-1.0,2,0.2,197.84,98921.31,-197.84,98723.47,3,0.45
133,2026-04-08T05:35:00+00:00,cwt-spx500_usd-5m-scenario1-long-202604080535,SPX500_USD,index,5m,long,scenario1,sl_hit,-1.0,1,0.07,69.11,98723.47,-69.11,98654.37,2,0.2
134,2026-04-08T05:45:00+00:00,cwt-eur_usd-5m-scenario1-long-202604080545,EUR_USD,forex,5m,long,scenario1,tp_hit,1.0,1,0.07,69.06,98654.37,69.06,98723.42,1,0.07
135,2026-04-08T05:50:00+00:00,cwt-aud_usd-5m-scenario1-long-202604080550,AUD_USD,forex,5m,long,scenario1,sl_hit,-1.0,3,0.45,444.26,98723.42,-444.26,98279.17,4,1.0
136,2026-04-08T05:50:00+00:00,cwt-eur_usd-5m-scenario1-long-202604080550,EUR_USD,forex,5m,long,scenario1,sl_hit,-1.0,1,0.07,68.8,98279.17,-68.8,98210.37,2,0.2
137,2026-04-08T05:50:00+00:00,cwt-nzd_usd-5m-scenario1-long-202604080550,NZD_USD,forex,5m,long,scenario1,sl_hit,-1.0,1,0.07,68.75,98210.37,-68.75,98141.63,2,0.2
138,2026-04-08T05:55:00+00:00,cwt-aud_usd-5m-scenario1-long-202604080555,AUD_USD,forex,5m,long,scenario1,sl_hit,-1.0,4,1.0,981.42,98141.63,-981.42,97160.21,4,1.0
139,2026-04-08T05:55:00+00:00,cwt-nas100_usd-5m-scenario1-long-202604080555,NAS100_USD,index,5m,long,scenario1,sl_hit,-1.0,1,0.07,68.01,97160.21,-68.01,97092.2,2,0.2
140,2026-04-08T05:55:00+00:00,cwt-spx500_usd-5m-scenario1-long-202604080555,SPX500_USD,index,5m,long,scenario1,sl_hit,-1.0,2,0.2,194.18,97092.2,-194.18,96898.01,3,0.45
141,2026-04-08T05:55:00+00:00,cwt-usd_jpy-5m-scenario1-short-202604080555,USD_JPY,forex,5m,short,scenario1,sl_hit,-1.0,1,0.07,67.83,96898.01,-67.83,96830.18,2,0.2
142,2026-04-08T06:15:00+00:00,cwt-spx500_usd-5m-scenario1-long-202604080615,SPX500_USD,index,5m,long,scenario1,sl_hit,-1.0,3,0.45,435.74,96830.18,-435.74,96394.45,4,1.0
143,2026-04-08T06:30:00+00:00,cwt-usd_jpy-5m-scenario1-short-202604080630,USD_JPY,forex,5m,short,scenario1,sl_hit,-1.0,2,0.2,192.79,96394.45,-192.79,96201.66,3,0.45
144,2026-04-08T06:35:00+00:00,cwt-nzd_usd-5m-scenario1-long-202604080635,NZD_USD,forex,5m,long,scenario1,sl_hit,-1.0,2,0.2,192.4,96201.66,-192.4,96009.26,3,0.45
145,2026-04-08T06:40:00+00:00,cwt-eur_usd-5m-scenario1-long-202604080640,EUR_USD,forex,5m,long,scenario1,sl_hit,-1.0,2,0.2,192.02,96009.26,-192.02,95817.24,3,0.45
146,2026-04-08T07:45:00+00:00,cwt-usd_jpy-5m-scenario1-short-202604080745,USD_JPY,forex,5m,short,scenario1,sl_hit,-1.0,3,0.45,431.18,95817.24,-431.18,95386.06,4,1.0
147,2026-04-08T08:20:00+00:00,cwt-nas100_usd-5m-scenario2-long-202604080820,NAS100_USD,index,5m,long,scenario2,sl_hit,-1.0,2,0.2,190.77,95386.06,-190.77,95195.29,3,0.45
148,2026-04-08T08:35:00+00:00,cwt-spx500_usd-5m-scenario2-long-202604080835,SPX500_USD,index,5m,long,scenario2,sl_hit,-1.0,4,1.0,951.95,95195.29,-951.95,94243.33,4,1.0
149,2026-04-08T08:50:00+00:00,cwt-spx500_usd-5m-scenario2-long-202604080850,SPX500_USD,index,5m,long,scenario2,sl_hit,-1.0,4,1.0,942.43,94243.33,-942.43,93300.9,4,1.0
150,2026-04-08T09:15:00+00:00,cwt-nas100_usd-5m-scenario1-long-202604080915,NAS100_USD,index,5m,long,scenario1,sl_hit,-1.0,3,0.45,419.85,93300.9,-419.85,92881.05,4,1.0
151,2026-04-08T10:15:00+00:00,cwt-eur_usd-5m-scenario2-long-202604081015,EUR_USD,forex,5m,long,scenario2,tp_hit,1.0,3,0.45,417.96,92881.05,417.96,93299.01,1,0.07
152,2026-04-08T10:30:00+00:00,cwt-eur_usd-5m-scenario2-long-202604081030,EUR_USD,forex,5m,long,scenario2,tp_hit,1.0,1,0.07,65.31,93299.01,65.31,93364.32,1,0.07
153,2026-04-08T10:45:00+00:00,cwt-nzd_usd-5m-scenario2-long-202604081045,NZD_USD,forex,5m,long,scenario2,tp_hit,1.0,3,0.45,420.14,93364.32,420.14,93784.46,1,0.07
154,2026-04-08T10:55:00+00:00,cwt-spx500_usd-5m-scenario1-long-202604081055,SPX500_USD,index,5m,long,scenario1,sl_hit,-1.0,4,1.0,937.84,93784.46,-937.84,92846.62,4,1.0
155,2026-04-08T11:00:00+00:00,cwt-gbp_jpy-15m-scenario1-long-202604081100,GBP_JPY,forex_cross,15m,long,scenario1,sl_hit,-1.0,1,0.07,64.99,92846.62,-64.99,92781.62,2,0.2
156,2026-04-08T11:10:00+00:00,cwt-eur_usd-5m-scenario1-long-202604081110,EUR_USD,forex,5m,long,scenario1,tp_hit,1.0,1,0.07,64.95,92781.62,64.95,92846.57,1,0.07
157,2026-04-08T11:10:00+00:00,cwt-uk100_gbp-5m-scenario1-long-202604081110,UK100_GBP,index,5m,long,scenario1,sl_hit,-1.0,2,0.2,185.69,92846.57,-185.69,92660.88,3,0.45
158,2026-04-08T11:15:00+00:00,cwt-eur_usd-5m-scenario1-long-202604081115,EUR_USD,forex,5m,long,scenario1,tp_hit,1.0,1,0.07,64.86,92660.88,64.86,92725.74,1,0.07
159,2026-04-08T11:15:00+00:00,cwt-gbp_jpy-15m-scenario1-long-202604081115,GBP_JPY,forex_cross,15m,long,scenario1,sl_hit,-1.0,2,0.2,185.45,92725.74,-185.45,92540.29,3,0.45
160,2026-04-08T11:20:00+00:00,cwt-aud_usd-5m-scenario2-long-202604081120,AUD_USD,forex,5m,long,scenario2,tp_hit,1.0,4,1.0,925.4,92540.29,925.4,93465.69,1,0.07
161,2026-04-08T11:20:00+00:00,cwt-eur_usd-5m-scenario1-long-202604081120,EUR_USD,forex,5m,long,scenario1,tp_hit,1.0,1,0.07,65.43,93465.69,65.43,93531.12,1,0.07
162,2026-04-08T11:20:00+00:00,cwt-usd_jpy-5m-scenario2-short-202604081120,USD_JPY,forex,5m,short,scenario2,tp_hit,1.0,4,1.0,935.31,93531.12,935.31,94466.43,1,0.07
163,2026-04-08T11:25:00+00:00,cwt-eur_usd-5m-scenario1-long-202604081125,EUR_USD,forex,5m,long,scenario1,tp_hit,1.0,1,0.07,66.13,94466.43,66.13,94532.56,1,0.07
164,2026-04-08T11:30:00+00:00,cwt-eur_usd-5m-scenario1-long-202604081130,EUR_USD,forex,5m,long,scenario1,sl_hit,-1.0,1,0.07,66.17,94532.56,-66.17,94466.38,2,0.2
165,2026-04-08T11:30:00+00:00,cwt-spx500_usd-5m-scenario1-long-202604081130,SPX500_USD,index,5m,long,scenario1,sl_hit,-1.0,4,1.0,944.66,94466.38,-944.66,93521.72,4,1.0
166,2026-04-08T11:45:00+00:00,cwt-uk100_gbp-5m-scenario1-long-202604081145,UK100_GBP,index,5m,long,scenario1,sl_hit,-1.0,3,0.45,420.85,93521.72,-420.85,93100.87,4,1.0
167,2026-04-08T11:50:00+00:00,cwt-eur_usd-5m-scenario1-long-202604081150,EUR_USD,forex,5m,long,scenario1,tp_hit,1.0,2,0.2,186.2,93100.87,186.2,93287.07,1,0.07
168,2026-04-08T11:50:00+00:00,cwt-nzd_usd-5m-scenario1-long-202604081150,NZD_USD,forex,5m,long,scenario1,tp_hit,1.0,1,0.07,65.3,93287.07,65.3,93352.37,1,0.07
169,2026-04-08T11:50:00+00:00,cwt-uk100_gbp-5m-scenario1-long-202604081150,UK100_GBP,index,5m,long,scenario1,sl_hit,-1.0,4,1.0,933.52,93352.37,-933.52,92418.85,4,1.0
170,2026-04-08T12:05:00+00:00,cwt-aud_usd-5m-scenario1-long-202604081205,AUD_USD,forex,5m,long,scenario1,tp_hit,1.0,1,0.07,64.69,92418.85,64.69,92483.54,1,0.07
171,2026-04-08T12:05:00+00:00,cwt-nzd_usd-5m-scenario1-long-202604081205,NZD_USD,forex,5m,long,scenario1,tp_hit,1.0,1,0.07,64.74,92483.54,64.74,92548.28,1,0.07
172,2026-04-08T12:05:00+00:00,cwt-usd_jpy-5m-scenario1-short-202604081205,USD_JPY,forex,5m,short,scenario1,tp_hit,1.0,1,0.07,64.78,92548.28,64.78,92613.07,1,0.07
173,2026-04-08T12:10:00+00:00,cwt-aud_usd-5m-scenario1-long-202604081210,AUD_USD,forex,5m,long,scenario1,tp_hit,1.0,1,0.07,64.83,92613.07,64.83,92677.89,1,0.07
174,2026-04-08T12:10:00+00:00,cwt-eur_usd-5m-scenario1-long-202604081210,EUR_USD,forex,5m,long,scenario1,sl_hit,-1.0,1,0.07,64.87,92677.89,-64.87,92613.02,2,0.2
175,2026-04-08T12:10:00+00:00,cwt-nzd_usd-5m-scenario1-long-202604081210,NZD_USD,forex,5m,long,scenario1,tp_hit,1.0,1,0.07,64.83,92613.02,64.83,92677.85,1,0.07
176,2026-04-08T12:10:00+00:00,cwt-usd_jpy-5m-scenario1-short-202604081210,USD_JPY,forex,5m,short,scenario1,tp_hit,1.0,1,0.07,64.87,92677.85,64.87,92742.72,1,0.07
177,2026-04-08T12:15:00+00:00,cwt-nzd_usd-5m-scenario1-long-202604081215,NZD_USD,forex,5m,long,scenario1,tp_hit,1.0,1,0.07,64.92,92742.72,64.92,92807.64,1,0.07
178,2026-04-08T12:15:00+00:00,cwt-usd_jpy-5m-scenario1-short-202604081215,USD_JPY,forex,5m,short,scenario1,sl_hit,-1.0,1,0.07,64.97,92807.64,-64.97,92742.68,2,0.2
179,2026-04-08T12:35:00+00:00,cwt-nzd_usd-5m-scenario1-long-202604081235,NZD_USD,forex,5m,long,scenario1,tp_hit,1.0,1,0.07,64.92,92742.68,64.92,92807.6,1,0.07
180,2026-04-08T12:45:00+00:00,cwt-nzd_usd-5m-scenario1-long-202604081245,NZD_USD,forex,5m,long,scenario1,sl_hit,-1.0,1,0.07,64.97,92807.6,-64.97,92742.63,2,0.2
181,2026-04-08T12:50:00+00:00,cwt-eur_usd-5m-scenario1-long-202604081250,EUR_USD,forex,5m,long,scenario1,sl_hit,-1.0,2,0.2,185.49,92742.63,-185.49,92557.15,3,0.45
182,2026-04-08T12:50:00+00:00,cwt-nzd_usd-5m-scenario1-long-202604081250,NZD_USD,forex,5m,long,scenario1,sl_hit,-1.0,2,0.2,185.11,92557.15,-185.11,92372.03,3,0.45
183,2026-04-08T12:50:00+00:00,cwt-uk100_gbp-5m-scenario1-long-202604081250,UK100_GBP,index,5m,long,scenario1,sl_hit,-1.0,4,1.0,923.72,92372.03,-923.72,91448.31,4,1.0
184,2026-04-08T12:55:00+00:00,cwt-aud_usd-5m-scenario1-long-202604081255,AUD_USD,forex,5m,long,scenario1,sl_hit,-1.0,1,0.07,64.01,91448.31,-64.01,91384.3,2,0.2
185,2026-04-08T12:55:00+00:00,cwt-nzd_usd-5m-scenario1-long-202604081255,NZD_USD,forex,5m,long,scenario1,sl_hit,-1.0,3,0.45,411.23,91384.3,-411.23,90973.07,4,1.0
186,2026-04-08T13:05:00+00:00,cwt-usd_jpy-5m-scenario1-short-202604081305,USD_JPY,forex,5m,short,scenario1,sl_hit,-1.0,2,0.2,181.95,90973.07,-181.95,90791.12,3,0.45
187,2026-04-08T13:10:00+00:00,cwt-aud_usd-5m-scenario1-long-202604081310,AUD_USD,forex,5m,long,scenario1,sl_hit,-1.0,2,0.2,181.58,90791.12,-181.58,90609.54,3,0.45
188,2026-04-08T13:10:00+00:00,cwt-nzd_usd-5m-scenario1-long-202604081310,NZD_USD,forex,5m,long,scenario1,sl_hit,-1.0,4,1.0,906.1,90609.54,-906.1,89703.45,4,1.0
189,2026-04-08T15:00:00+00:00,cwt-aud_usd-5m-scenario2-long-202604081500,AUD_USD,forex,5m,long,scenario2,sl_hit,-1.0,3,0.45,403.67,89703.45,-403.67,89299.78,4,1.0
190,2026-04-08T15:20:00+00:00,cwt-aud_usd-5m-scenario2-long-202604081520,AUD_USD,forex,5m,long,scenario2,sl_hit,-1.0,4,1.0,893.0,89299.78,-893.0,88406.78,4,1.0
191,2026-04-08T15:40:00+00:00,cwt-nzd_usd-5m-scenario2-long-202604081540,NZD_USD,forex,5m,long,scenario2,sl_hit,-1.0,4,1.0,884.07,88406.78,-884.07,87522.71,4,1.0
192,2026-04-08T15:50:00+00:00,cwt-nzd_usd-5m-scenario2-long-202604081550,NZD_USD,forex,5m,long,scenario2,sl_hit,-1.0,4,1.0,875.23,87522.71,-875.23,86647.49,4,1.0
193,2026-04-08T15:50:00+00:00,cwt-uk100_gbp-5m-scenario2-long-202604081550,UK100_GBP,index,5m,long,scenario2,sl_hit,-1.0,4,1.0,866.47,86647.49,-866.47,85781.01,4,1.0
194,2026-04-08T16:35:00+00:00,cwt-spx500_usd-5m-scenario1-long-202604081635,SPX500_USD,index,5m,long,scenario1,tp_hit,1.0,4,1.0,857.81,85781.01,857.81,86638.82,1,0.07
195,2026-04-08T16:40:00+00:00,cwt-spx500_usd-5m-scenario1-long-202604081640,SPX500_USD,index,5m,long,scenario1,sl_hit,-1.0,1,0.07,60.65,86638.82,-60.65,86578.18,2,0.2
196,2026-04-08T16:45:00+00:00,cwt-spx500_usd-5m-scenario1-long-202604081645,SPX500_USD,index,5m,long,scenario1,sl_hit,-1.0,2,0.2,173.16,86578.18,-173.16,86405.02,3,0.45
197,2026-04-08T16:50:00+00:00,cwt-spx500_usd-5m-scenario1-long-202604081650,SPX500_USD,index,5m,long,scenario1,sl_hit,-1.0,3,0.45,388.82,86405.02,-388.82,86016.2,4,1.0
198,2026-04-08T16:50:00+00:00,cwt-uk100_gbp-5m-scenario1-long-202604081650,UK100_GBP,index,5m,long,scenario1,sl_hit,-1.0,4,1.0,860.16,86016.2,-860.16,85156.03,4,1.0
199,2026-04-08T17:00:00+00:00,cwt-nzd_usd-5m-scenario2-long-202604081700,NZD_USD,forex,5m,long,scenario2,sl_hit,-1.0,4,1.0,851.56,85156.03,-851.56,84304.47,4,1.0
200,2026-04-08T17:15:00+00:00,cwt-uk100_gbp-5m-scenario1-long-202604081715,UK100_GBP,index,5m,long,scenario1,sl_hit,-1.0,4,1.0,843.04,84304.47,-843.04,83461.43,4,1.0
201,2026-04-08T17:20:00+00:00,cwt-uk100_gbp-5m-scenario1-long-202604081720,UK100_GBP,index,5m,long,scenario1,sl_hit,-1.0,4,1.0,834.61,83461.43,-834.61,82626.82,4,1.0
202,2026-04-08T17:55:00+00:00,cwt-uk100_gbp-5m-scenario1-long-202604081755,UK100_GBP,index,5m,long,scenario1,sl_hit,-1.0,4,1.0,826.27,82626.82,-826.27,81800.55,4,1.0
203,2026-04-08T19:35:00+00:00,cwt-uk100_gbp-5m-scenario2-long-202604081935,UK100_GBP,index,5m,long,scenario2,sl_hit,-1.0,4,1.0,818.01,81800.55,-818.01,80982.54,4,1.0
204,2026-04-08T19:50:00+00:00,cwt-spx500_usd-5m-scenario2-long-202604081950,SPX500_USD,index,5m,long,scenario2,tp_hit,1.0,4,1.0,809.83,80982.54,809.83,81792.37,1,0.07
205,2026-04-09T03:45:00+00:00,cwt-nzd_usd-5m-scenario1-long-202604090345,NZD_USD,forex,5m,long,scenario1,tp_hit,1.0,4,1.0,817.92,81792.37,817.92,82610.29,1,0.07
206,2026-04-09T03:55:00+00:00,cwt-nzd_usd-5m-scenario1-long-202604090355,NZD_USD,forex,5m,long,scenario1,tp_hit,1.0,1,0.07,57.83,82610.29,57.83,82668.12,1,0.07
207,2026-04-09T04:10:00+00:00,cwt-nzd_usd-5m-scenario1-long-202604090410,NZD_USD,forex,5m,long,scenario1,sl_hit,-1.0,1,0.07,57.87,82668.12,-57.87,82610.25,2,0.2
208,2026-04-09T04:15:00+00:00,cwt-nzd_usd-5m-scenario1-long-202604090415,NZD_USD,forex,5m,long,scenario1,sl_hit,-1.0,2,0.2,165.22,82610.25,-165.22,82445.03,3,0.45
209,2026-04-09T04:25:00+00:00,cwt-nzd_usd-5m-scenario1-long-202604090425,NZD_USD,forex,5m,long,scenario1,sl_hit,-1.0,3,0.45,371.0,82445.03,-371.0,82074.03,4,1.0
210,2026-04-09T04:30:00+00:00,cwt-nzd_usd-5m-scenario1-long-202604090430,NZD_USD,forex,5m,long,scenario1,sl_hit,-1.0,4,1.0,820.74,82074.03,-820.74,81253.29,4,1.0
211,2026-04-09T07:00:00+00:00,cwt-nzd_usd-5m-scenario2-long-202604090700,NZD_USD,forex,5m,long,scenario2,tp_hit,1.0,4,1.0,812.53,81253.29,812.53,82065.82,1,0.07
212,2026-04-09T08:00:00+00:00,cwt-gbp_jpy-15m-scenario1-long-202604090800,GBP_JPY,forex_cross,15m,long,scenario1,tp_hit,1.0,3,0.45,369.3,82065.82,369.3,82435.12,1,0.07
213,2026-04-09T08:15:00+00:00,cwt-gbp_jpy-15m-scenario1-long-202604090815,GBP_JPY,forex_cross,15m,long,scenario1,tp_hit,1.0,1,0.07,57.7,82435.12,57.7,82492.82,1,0.07
214,2026-04-09T08:30:00+00:00,cwt-gbp_jpy-15m-scenario1-long-202604090830,GBP_JPY,forex_cross,15m,long,scenario1,tp_hit,1.0,1,0.07,57.74,82492.82,57.74,82550.57,1,0.07
215,2026-04-09T08:45:00+00:00,cwt-gbp_jpy-15m-scenario1-long-202604090845,GBP_JPY,forex_cross,15m,long,scenario1,tp_hit,1.0,1,0.07,57.79,82550.57,57.79,82608.35,1,0.07
216,2026-04-09T09:00:00+00:00,cwt-gbp_jpy-15m-scenario1-long-202604090900,GBP_JPY,forex_cross,15m,long,scenario1,tp_hit,1.0,1,0.07,57.83,82608.35,57.83,82666.18,1,0.07
217,2026-04-09T09:10:00+00:00,cwt-nzd_usd-5m-scenario2-long-202604090910,NZD_USD,forex,5m,long,scenario2,tp_hit,1.0,1,0.07,57.87,82666.18,57.87,82724.04,1,0.07
218,2026-04-09T09:15:00+00:00,cwt-gbp_jpy-15m-scenario1-long-202604090915,GBP_JPY,forex_cross,15m,long,scenario1,tp_hit,1.0,1,0.07,57.91,82724.04,57.91,82781.95,1,0.07
219,2026-04-09T09:55:00+00:00,cwt-nzd_usd-5m-scenario1-long-202604090955,NZD_USD,forex,5m,long,scenario1,tp_hit,1.0,1,0.07,57.95,82781.95,57.95,82839.9,1,0.07
220,2026-04-09T10:45:00+00:00,cwt-gbp_jpy-15m-scenario1-long-202604091045,GBP_JPY,forex_cross,15m,long,scenario1,tp_hit,1.0,1,0.07,57.99,82839.9,57.99,82897.89,1,0.07
221,2026-04-09T12:20:00+00:00,cwt-usd_jpy-5m-scenario2-long-202604091220,USD_JPY,forex,5m,long,scenario2,sl_hit,-1.0,3,0.45,373.04,82897.89,-373.04,82524.84,4,1.0
222,2026-04-09T13:20:00+00:00,cwt-eur_usd-5m-scenario1-long-202604091320,EUR_USD,forex,5m,long,scenario1,sl_hit,-1.0,3,0.45,371.36,82524.84,-371.36,82153.48,4,1.0
223,2026-04-09T13:35:00+00:00,cwt-eur_usd-5m-scenario1-long-202604091335,EUR_USD,forex,5m,long,scenario1,sl_hit,-1.0,4,1.0,821.53,82153.48,-821.53,81331.95,4,1.0
224,2026-04-09T13:40:00+00:00,cwt-eur_usd-5m-scenario1-long-202604091340,EUR_USD,forex,5m,long,scenario1,sl_hit,-1.0,4,1.0,813.32,81331.95,-813.32,80518.63,4,1.0
225,2026-04-09T13:40:00+00:00,cwt-nzd_usd-5m-scenario1-long-202604091340,NZD_USD,forex,5m,long,scenario1,tp_hit,1.0,1,0.07,56.36,80518.63,56.36,80574.99,1,0.07
226,2026-04-09T13:45:00+00:00,cwt-nzd_usd-5m-scenario1-long-202604091345,NZD_USD,forex,5m,long,scenario1,tp_hit,1.0,1,0.07,56.4,80574.99,56.4,80631.39,1,0.07
227,2026-04-09T13:55:00+00:00,cwt-usd_jpy-5m-scenario2-long-202604091355,USD_JPY,forex,5m,long,scenario2,tp_hit,1.0,4,1.0,806.31,80631.39,806.31,81437.71,1,0.07
228,2026-04-09T14:00:00+00:00,cwt-gbp_jpy-15m-scenario1-long-202604091400,GBP_JPY,forex_cross,15m,long,scenario1,tp_hit,1.0,1,0.07,57.01,81437.71,57.01,81494.71,1,0.07
229,2026-04-09T14:10:00+00:00,cwt-nzd_usd-5m-scenario1-long-202604091410,NZD_USD,forex,5m,long,scenario1,tp_hit,1.0,1,0.07,57.05,81494.71,57.05,81551.76,1,0.07
230,2026-04-09T14:15:00+00:00,cwt-nzd_usd-5m-scenario1-long-202604091415,NZD_USD,forex,5m,long,scenario1,tp_hit,1.0,1,0.07,57.09,81551.76,57.09,81608.85,1,0.07
231,2026-04-09T14:35:00+00:00,cwt-usd_jpy-5m-scenario1-long-202604091435,USD_JPY,forex,5m,long,scenario1,sl_hit,-1.0,1,0.07,57.13,81608.85,-57.13,81551.72,2,0.2
232,2026-04-09T14:50:00+00:00,cwt-usd_jpy-5m-scenario1-long-202604091450,USD_JPY,forex,5m,long,scenario1,sl_hit,-1.0,2,0.2,163.1,81551.72,-163.1,81388.62,3,0.45
233,2026-04-09T14:55:00+00:00,cwt-usd_jpy-5m-scenario1-long-202604091455,USD_JPY,forex,5m,long,scenario1,sl_hit,-1.0,3,0.45,366.25,81388.62,-366.25,81022.37,4,1.0
234,2026-04-09T15:20:00+00:00,cwt-eur_usd-5m-scenario2-long-202604091520,EUR_USD,forex,5m,long,scenario2,tp_hit,1.0,4,1.0,810.22,81022.37,810.22,81832.59,1,0.07
235,2026-04-09T15:40:00+00:00,cwt-nzd_usd-5m-scenario1-long-202604091540,NZD_USD,forex,5m,long,scenario1,sl_hit,-1.0,1,0.07,57.28,81832.59,-57.28,81775.31,2,0.2
236,2026-04-09T15:55:00+00:00,cwt-nzd_usd-5m-scenario1-long-202604091555,NZD_USD,forex,5m,long,scenario1,sl_hit,-1.0,2,0.2,163.55,81775.31,-163.55,81611.76,3,0.45
237,2026-04-09T16:00:00+00:00,cwt-nzd_usd-5m-scenario1-long-202604091600,NZD_USD,forex,5m,long,scenario1,sl_hit,-1.0,3,0.45,367.25,81611.76,-367.25,81244.51,4,1.0
238,2026-04-09T16:05:00+00:00,cwt-eur_usd-5m-scenario1-long-202604091605,EUR_USD,forex,5m,long,scenario1,sl_hit,-1.0,1,0.07,56.87,81244.51,-56.87,81187.63,2,0.2
239,2026-04-09T16:05:00+00:00,cwt-nzd_usd-5m-scenario1-long-202604091605,NZD_USD,forex,5m,long,scenario1,sl_hit,-1.0,4,1.0,811.88,81187.63,-811.88,80375.76,4,1.0
240,2026-04-09T16:20:00+00:00,cwt-nzd_usd-5m-scenario1-long-202604091620,NZD_USD,forex,5m,long,scenario1,sl_hit,-1.0,4,1.0,803.76,80375.76,-803.76,79572.0,4,1.0
241,2026-04-09T17:40:00+00:00,cwt-eur_usd-5m-scenario1-long-202604091740,EUR_USD,forex,5m,long,scenario1,sl_hit,-1.0,2,0.2,159.14,79572.0,-159.14,79412.86,3,0.45
242,2026-04-09T18:05:00+00:00,cwt-usd_jpy-5m-scenario2-long-202604091805,USD_JPY,forex,5m,long,scenario2,tp_hit,1.0,4,1.0,794.13,79412.86,794.13,80206.99,1,0.07
243,2026-04-09T19:00:00+00:00,cwt-usd_jpy-5m-scenario1-long-202604091900,USD_JPY,forex,5m,long,scenario1,tp_hit,1.0,1,0.07,56.14,80206.99,56.14,80263.13,1,0.07
244,2026-04-09T19:05:00+00:00,cwt-usd_jpy-5m-scenario1-long-202604091905,USD_JPY,forex,5m,long,scenario1,tp_hit,1.0,1,0.07,56.18,80263.13,56.18,80319.31,1,0.07
245,2026-04-09T19:35:00+00:00,cwt-eur_usd-5m-scenario2-long-202604091935,EUR_USD,forex,5m,long,scenario2,sl_hit,-1.0,3,0.45,361.44,80319.31,-361.44,79957.88,4,1.0
246,2026-04-09T19:45:00+00:00,cwt-nzd_usd-5m-scenario2-long-202604091945,NZD_USD,forex,5m,long,scenario2,sl_hit,-1.0,4,1.0,799.58,79957.88,-799.58,79158.3,4,1.0
247,2026-04-09T20:00:00+00:00,cwt-usd_jpy-5m-scenario1-long-202604092000,USD_JPY,forex,5m,long,scenario1,tp_hit,1.0,1,0.07,55.41,79158.3,55.41,79213.71,1,0.07
248,2026-04-09T21:55:00+00:00,cwt-eur_usd-5m-scenario2-long-202604092155,EUR_USD,forex,5m,long,scenario2,sl_hit,-1.0,4,1.0,792.14,79213.71,-792.14,78421.57,4,1.0
249,2026-04-09T22:30:00+00:00,cwt-usd_jpy-5m-scenario2-long-202604092230,USD_JPY,forex,5m,long,scenario2,tp_hit,1.0,1,0.07,54.9,78421.57,54.9,78476.47,1,0.07
250,2026-04-09T23:20:00+00:00,cwt-usd_jpy-5m-scenario1-long-202604092320,USD_JPY,forex,5m,long,scenario1,tp_hit,1.0,1,0.07,54.93,78476.47,54.93,78531.4,1,0.07
251,2026-04-09T23:55:00+00:00,cwt-spx500_usd-5m-scenario2-long-202604092355,SPX500_USD,index,5m,long,scenario2,tp_hit,1.0,1,0.07,54.97,78531.4,54.97,78586.37,1,0.07
252,2026-04-10T00:25:00+00:00,cwt-spx500_usd-5m-scenario2-long-202604100025,SPX500_USD,index,5m,long,scenario2,tp_hit,1.0,1,0.07,55.01,78586.37,55.01,78641.38,1,0.07
253,2026-04-10T00:30:00+00:00,cwt-gbp_jpy-15m-scenario1-long-202604100030,GBP_JPY,forex_cross,15m,long,scenario1,sl_hit,-1.0,1,0.07,55.05,78641.38,-55.05,78586.33,2,0.2
254,2026-04-10T00:45:00+00:00,cwt-gbp_jpy-15m-scenario1-long-202604100045,GBP_JPY,forex_cross,15m,long,scenario1,sl_hit,-1.0,2,0.2,157.17,78586.33,-157.17,78429.16,3,0.45
255,2026-04-10T01:25:00+00:00,cwt-nas100_usd-5m-scenario1-long-202604100125,NAS100_USD,index,5m,long,scenario1,sl_hit,-1.0,4,1.0,784.29,78429.16,-784.29,77644.87,4,1.0
256,2026-04-10T01:30:00+00:00,cwt-aud_usd-5m-scenario2-long-202604100130,AUD_USD,forex,5m,long,scenario2,tp_hit,1.0,4,1.0,776.45,77644.87,776.45,78421.32,1,0.07
257,2026-04-10T01:30:00+00:00,cwt-nas100_usd-5m-scenario1-long-202604100130,NAS100_USD,index,5m,long,scenario1,sl_hit,-1.0,4,1.0,784.21,78421.32,-784.21,77637.11,4,1.0
258,2026-04-10T01:30:00+00:00,cwt-spx500_usd-5m-scenario1-long-202604100130,SPX500_USD,index,5m,long,scenario1,sl_hit,-1.0,1,0.07,54.35,77637.11,-54.35,77582.76,2,0.2
259,2026-04-10T01:35:00+00:00,cwt-nas100_usd-5m-scenario1-long-202604100135,NAS100_USD,index,5m,long,scenario1,sl_hit,-1.0,4,1.0,775.83,77582.76,-775.83,76806.93,4,1.0
260,2026-04-10T01:35:00+00:00,cwt-spx500_usd-5m-scenario1-long-202604100135,SPX500_USD,index,5m,long,scenario1,sl_hit,-1.0,2,0.2,153.61,76806.93,-153.61,76653.32,3,0.45
261,2026-04-10T04:00:00+00:00,cwt-eur_usd-5m-scenario1-long-202604100400,EUR_USD,forex,5m,long,scenario1,sl_hit,-1.0,4,1.0,766.53,76653.32,-766.53,75886.79,4,1.0
262,2026-04-10T05:05:00+00:00,cwt-usd_jpy-5m-scenario1-long-202604100505,USD_JPY,forex,5m,long,scenario1,tp_hit,1.0,1,0.07,53.12,75886.79,53.12,75939.91,1,0.07
263,2026-04-10T05:25:00+00:00,cwt-spx500_usd-5m-scenario2-long-202604100525,SPX500_USD,index,5m,long,scenario2,sl_hit,-1.0,3,0.45,341.73,75939.91,-341.73,75598.18,4,1.0
264,2026-04-10T05:25:00+00:00,cwt-usd_jpy-5m-scenario1-long-202604100525,USD_JPY,forex,5m,long,scenario1,tp_hit,1.0,1,0.07,52.92,75598.18,52.92,75651.1,1,0.07
265,2026-04-10T05:30:00+00:00,cwt-usd_jpy-5m-scenario1-long-202604100530,USD_JPY,forex,5m,long,scenario1,sl_hit,-1.0,1,0.07,52.96,75651.1,-52.96,75598.14,2,0.2
266,2026-04-10T05:40:00+00:00,cwt-spx500_usd-5m-scenario2-long-202604100540,SPX500_USD,index,5m,long,scenario2,sl_hit,-1.0,4,1.0,755.98,75598.14,-755.98,74842.16,4,1.0
267,2026-04-10T06:00:00+00:00,cwt-usd_jpy-5m-scenario1-long-202604100600,USD_JPY,forex,5m,long,scenario1,tp_hit,1.0,2,0.2,149.68,74842.16,149.68,74991.84,1,0.07
268,2026-04-10T06:10:00+00:00,cwt-usd_jpy-5m-scenario1-long-202604100610,USD_JPY,forex,5m,long,scenario1,sl_hit,-1.0,1,0.07,52.49,74991.84,-52.49,74939.35,2,0.2
269,2026-04-10T06:15:00+00:00,cwt-usd_jpy-5m-scenario1-long-202604100615,USD_JPY,forex,5m,long,scenario1,sl_hit,-1.0,2,0.2,149.88,74939.35,-149.88,74789.47,3,0.45
270,2026-04-10T06:20:00+00:00,cwt-usd_jpy-5m-scenario1-long-202604100620,USD_JPY,forex,5m,long,scenario1,sl_hit,-1.0,3,0.45,336.55,74789.47,-336.55,74452.92,4,1.0
271,2026-04-10T06:30:00+00:00,cwt-usd_jpy-5m-scenario1-long-202604100630,USD_JPY,forex,5m,long,scenario1,sl_hit,-1.0,4,1.0,744.53,74452.92,-744.53,73708.39,4,1.0
272,2026-04-10T07:15:00+00:00,cwt-gbp_jpy-15m-scenario1-long-202604100715,GBP_JPY,forex_cross,15m,long,scenario1,tp_hit,1.0,3,0.45,331.69,73708.39,331.69,74040.08,1,0.07
273,2026-04-10T07:30:00+00:00,cwt-spx500_usd-5m-scenario2-long-202604100730,SPX500_USD,index,5m,long,scenario2,tp_hit,1.0,4,1.0,740.4,74040.08,740.4,74780.48,1,0.07
274,2026-04-10T08:45:00+00:00,cwt-gbp_jpy-15m-scenario1-long-202604100845,GBP_JPY,forex_cross,15m,long,scenario1,tp_hit,1.0,1,0.07,52.35,74780.48,52.35,74832.82,1,0.07
275,2026-04-10T10:20:00+00:00,cwt-nas100_usd-5m-scenario1-long-202604101020,NAS100_USD,index,5m,long,scenario1,tp_hit,1.0,4,1.0,748.33,74832.82,748.33,75581.15,1,0.07
276,2026-04-10T10:45:00+00:00,cwt-nas100_usd-5m-scenario1-long-202604101045,NAS100_USD,index,5m,long,scenario1,tp_hit,1.0,1,0.07,52.91,75581.15,52.91,75634.06,1,0.07
277,2026-04-10T10:45:00+00:00,cwt-spx500_usd-5m-scenario1-long-202604101045,SPX500_USD,index,5m,long,scenario1,tp_hit,1.0,1,0.07,52.94,75634.06,52.94,75687.0,1,0.07
