symbol,parameter_set_id,year,bar_timeframe,trades_per_year,win_rate_pct,profit_factor,max_drawdown_R,avg_R_per_trade,total_R,positive_year
NAS100_USD,idx_looser_ext_off,2023,M5,4,75.0,3.777408637874033,0.0,0.800000000000006,3.200000000000024,True
NAS100_USD,idx_looser_ext_off,2024,M5,0,0.0,0.0,0.0,0.0,0.0,False
NAS100_USD,idx_looser_ext_off,2025,M5,0,0.0,0.0,0.0,0.0,0.0,False
NAS100_USD,idx_looser_ext_off,2026,M5,0,0.0,0.0,0.0,0.0,0.0,False
NAS100_USD,idx_looser_ext_on,2023,M5,4,75.0,3.777408637874033,0.0,0.800000000000006,3.200000000000024,True
NAS100_USD,idx_looser_ext_on,2024,M5,0,0.0,0.0,0.0,0.0,0.0,False
NAS100_USD,idx_looser_ext_on,2025,M5,0,0.0,0.0,0.0,0.0,0.0,False
NAS100_USD,idx_looser_ext_on,2026,M5,0,0.0,0.0,0.0,0.0,0.0,False
NAS100_USD,idx_ps07_baseline_off,2023,M5,4,75.0,3.777408637874033,0.0,0.800000000000006,3.200000000000024,True
NAS100_USD,idx_ps07_baseline_off,2024,M5,0,0.0,0.0,0.0,0.0,0.0,False
NAS100_USD,idx_ps07_baseline_off,2025,M5,0,0.0,0.0,0.0,0.0,0.0,False
NAS100_USD,idx_ps07_baseline_off,2026,M5,0,0.0,0.0,0.0,0.0,0.0,False
NAS100_USD,idx_ps07_baseline_on,2023,M5,4,75.0,3.777408637874033,0.0,0.800000000000006,3.200000000000024,True
NAS100_USD,idx_ps07_baseline_on,2024,M5,0,0.0,0.0,0.0,0.0,0.0,False
NAS100_USD,idx_ps07_baseline_on,2025,M5,0,0.0,0.0,0.0,0.0,0.0,False
NAS100_USD,idx_ps07_baseline_on,2026,M5,0,0.0,0.0,0.0,0.0,0.0,False
NAS100_USD,idx_tighter_stop_off,2023,M5,4,75.0,2.9454849498330056,0.0,0.5750000000000017,2.300000000000007,True
NAS100_USD,idx_tighter_stop_off,2024,M5,0,0.0,0.0,0.0,0.0,0.0,False
NAS100_USD,idx_tighter_stop_off,2025,M5,0,0.0,0.0,0.0,0.0,0.0,False
NAS100_USD,idx_tighter_stop_off,2026,M5,0,0.0,0.0,0.0,0.0,0.0,False
NAS100_USD,idx_tighter_stop_on,2023,M5,4,75.0,2.9454849498330056,0.0,0.5750000000000017,2.300000000000007,True
NAS100_USD,idx_tighter_stop_on,2024,M5,0,0.0,0.0,0.0,0.0,0.0,False
NAS100_USD,idx_tighter_stop_on,2025,M5,0,0.0,0.0,0.0,0.0,0.0,False
NAS100_USD,idx_tighter_stop_on,2026,M5,0,0.0,0.0,0.0,0.0,0.0,False
NAS100_USD,idx_wider_stop_off,2023,M5,3,66.67,3.600000000000192,0.0,0.8666666666666586,2.5999999999999757,True
NAS100_USD,idx_wider_stop_off,2024,M5,0,0.0,0.0,0.0,0.0,0.0,False
NAS100_USD,idx_wider_stop_off,2025,M5,0,0.0,0.0,0.0,0.0,0.0,False
NAS100_USD,idx_wider_stop_off,2026,M5,0,0.0,0.0,0.0,0.0,0.0,False
NAS100_USD,idx_wider_stop_on,2023,M5,3,66.67,3.600000000000192,0.0,0.8666666666666586,2.5999999999999757,True
NAS100_USD,idx_wider_stop_on,2024,M5,0,0.0,0.0,0.0,0.0,0.0,False
NAS100_USD,idx_wider_stop_on,2025,M5,0,0.0,0.0,0.0,0.0,0.0,False
NAS100_USD,idx_wider_stop_on,2026,M5,0,0.0,0.0,0.0,0.0,0.0,False
SPX500_USD,idx_looser_ext_off,2023,M5,0,0.0,0.0,0.0,0.0,0.0,False
SPX500_USD,idx_looser_ext_off,2024,M5,0,0.0,0.0,0.0,0.0,0.0,False
SPX500_USD,idx_looser_ext_off,2025,M5,0,0.0,0.0,0.0,0.0,0.0,False
SPX500_USD,idx_looser_ext_off,2026,M5,0,0.0,0.0,0.0,0.0,0.0,False
SPX500_USD,idx_looser_ext_on,2023,M5,0,0.0,0.0,0.0,0.0,0.0,False
SPX500_USD,idx_looser_ext_on,2024,M5,0,0.0,0.0,0.0,0.0,0.0,False
SPX500_USD,idx_looser_ext_on,2025,M5,0,0.0,0.0,0.0,0.0,0.0,False
SPX500_USD,idx_looser_ext_on,2026,M5,0,0.0,0.0,0.0,0.0,0.0,False
SPX500_USD,idx_ps07_baseline_off,2023,M5,0,0.0,0.0,0.0,0.0,0.0,False
SPX500_USD,idx_ps07_baseline_off,2024,M5,0,0.0,0.0,0.0,0.0,0.0,False
SPX500_USD,idx_ps07_baseline_off,2025,M5,0,0.0,0.0,0.0,0.0,0.0,False
SPX500_USD,idx_ps07_baseline_off,2026,M5,0,0.0,0.0,0.0,0.0,0.0,False
SPX500_USD,idx_ps07_baseline_on,2023,M5,0,0.0,0.0,0.0,0.0,0.0,False
SPX500_USD,idx_ps07_baseline_on,2024,M5,0,0.0,0.0,0.0,0.0,0.0,False
SPX500_USD,idx_ps07_baseline_on,2025,M5,0,0.0,0.0,0.0,0.0,0.0,False
SPX500_USD,idx_ps07_baseline_on,2026,M5,0,0.0,0.0,0.0,0.0,0.0,False
SPX500_USD,idx_tighter_stop_off,2023,M5,0,0.0,0.0,0.0,0.0,0.0,False
SPX500_USD,idx_tighter_stop_off,2024,M5,0,0.0,0.0,0.0,0.0,0.0,False
SPX500_USD,idx_tighter_stop_off,2025,M5,0,0.0,0.0,0.0,0.0,0.0,False
SPX500_USD,idx_tighter_stop_off,2026,M5,0,0.0,0.0,0.0,0.0,0.0,False
SPX500_USD,idx_tighter_stop_on,2023,M5,0,0.0,0.0,0.0,0.0,0.0,False
SPX500_USD,idx_tighter_stop_on,2024,M5,0,0.0,0.0,0.0,0.0,0.0,False
SPX500_USD,idx_tighter_stop_on,2025,M5,0,0.0,0.0,0.0,0.0,0.0,False
SPX500_USD,idx_tighter_stop_on,2026,M5,0,0.0,0.0,0.0,0.0,0.0,False
SPX500_USD,idx_wider_stop_off,2023,M5,0,0.0,0.0,0.0,0.0,0.0,False
SPX500_USD,idx_wider_stop_off,2024,M5,0,0.0,0.0,0.0,0.0,0.0,False
SPX500_USD,idx_wider_stop_off,2025,M5,0,0.0,0.0,0.0,0.0,0.0,False
SPX500_USD,idx_wider_stop_off,2026,M5,0,0.0,0.0,0.0,0.0,0.0,False
SPX500_USD,idx_wider_stop_on,2023,M5,0,0.0,0.0,0.0,0.0,0.0,False
SPX500_USD,idx_wider_stop_on,2024,M5,0,0.0,0.0,0.0,0.0,0.0,False
SPX500_USD,idx_wider_stop_on,2025,M5,0,0.0,0.0,0.0,0.0,0.0,False
SPX500_USD,idx_wider_stop_on,2026,M5,0,0.0,0.0,0.0,0.0,0.0,False
UK100_GBP,idx_looser_ext_off,2023,M5,0,0.0,0.0,0.0,0.0,0.0,False
UK100_GBP,idx_looser_ext_off,2024,M5,0,0.0,0.0,0.0,0.0,0.0,False
UK100_GBP,idx_looser_ext_off,2025,M5,0,0.0,0.0,0.0,0.0,0.0,False
UK100_GBP,idx_looser_ext_off,2026,M5,0,0.0,0.0,0.0,0.0,0.0,False
UK100_GBP,idx_looser_ext_on,2023,M5,0,0.0,0.0,0.0,0.0,0.0,False
UK100_GBP,idx_looser_ext_on,2024,M5,0,0.0,0.0,0.0,0.0,0.0,False
UK100_GBP,idx_looser_ext_on,2025,M5,0,0.0,0.0,0.0,0.0,0.0,False
UK100_GBP,idx_looser_ext_on,2026,M5,0,0.0,0.0,0.0,0.0,0.0,False
UK100_GBP,idx_ps07_baseline_off,2023,M5,0,0.0,0.0,0.0,0.0,0.0,False
UK100_GBP,idx_ps07_baseline_off,2024,M5,0,0.0,0.0,0.0,0.0,0.0,False
UK100_GBP,idx_ps07_baseline_off,2025,M5,0,0.0,0.0,0.0,0.0,0.0,False
UK100_GBP,idx_ps07_baseline_off,2026,M5,0,0.0,0.0,0.0,0.0,0.0,False
UK100_GBP,idx_ps07_baseline_on,2023,M5,0,0.0,0.0,0.0,0.0,0.0,False
UK100_GBP,idx_ps07_baseline_on,2024,M5,0,0.0,0.0,0.0,0.0,0.0,False
UK100_GBP,idx_ps07_baseline_on,2025,M5,0,0.0,0.0,0.0,0.0,0.0,False
UK100_GBP,idx_ps07_baseline_on,2026,M5,0,0.0,0.0,0.0,0.0,0.0,False
UK100_GBP,idx_tighter_stop_off,2023,M5,0,0.0,0.0,0.0,0.0,0.0,False
UK100_GBP,idx_tighter_stop_off,2024,M5,0,0.0,0.0,0.0,0.0,0.0,False
UK100_GBP,idx_tighter_stop_off,2025,M5,0,0.0,0.0,0.0,0.0,0.0,False
UK100_GBP,idx_tighter_stop_off,2026,M5,0,0.0,0.0,0.0,0.0,0.0,False
UK100_GBP,idx_tighter_stop_on,2023,M5,0,0.0,0.0,0.0,0.0,0.0,False
UK100_GBP,idx_tighter_stop_on,2024,M5,0,0.0,0.0,0.0,0.0,0.0,False
UK100_GBP,idx_tighter_stop_on,2025,M5,0,0.0,0.0,0.0,0.0,0.0,False
UK100_GBP,idx_tighter_stop_on,2026,M5,0,0.0,0.0,0.0,0.0,0.0,False
UK100_GBP,idx_wider_stop_off,2023,M5,0,0.0,0.0,0.0,0.0,0.0,False
UK100_GBP,idx_wider_stop_off,2024,M5,0,0.0,0.0,0.0,0.0,0.0,False
UK100_GBP,idx_wider_stop_off,2025,M5,0,0.0,0.0,0.0,0.0,0.0,False
UK100_GBP,idx_wider_stop_off,2026,M5,0,0.0,0.0,0.0,0.0,0.0,False
UK100_GBP,idx_wider_stop_on,2023,M5,0,0.0,0.0,0.0,0.0,0.0,False
UK100_GBP,idx_wider_stop_on,2024,M5,0,0.0,0.0,0.0,0.0,0.0,False
UK100_GBP,idx_wider_stop_on,2025,M5,0,0.0,0.0,0.0,0.0,0.0,False
UK100_GBP,idx_wider_stop_on,2026,M5,0,0.0,0.0,0.0,0.0,0.0,False
US30_USD,idx_looser_ext_off,2023,M5,0,0.0,0.0,0.0,0.0,0.0,False
US30_USD,idx_looser_ext_off,2024,M5,0,0.0,0.0,0.0,0.0,0.0,False
US30_USD,idx_looser_ext_off,2025,M5,0,0.0,0.0,0.0,0.0,0.0,False
US30_USD,idx_looser_ext_off,2026,M5,0,0.0,0.0,0.0,0.0,0.0,False
US30_USD,idx_looser_ext_on,2023,M5,0,0.0,0.0,0.0,0.0,0.0,False
US30_USD,idx_looser_ext_on,2024,M5,0,0.0,0.0,0.0,0.0,0.0,False
US30_USD,idx_looser_ext_on,2025,M5,0,0.0,0.0,0.0,0.0,0.0,False
US30_USD,idx_looser_ext_on,2026,M5,0,0.0,0.0,0.0,0.0,0.0,False
US30_USD,idx_ps07_baseline_off,2023,M5,0,0.0,0.0,0.0,0.0,0.0,False
US30_USD,idx_ps07_baseline_off,2024,M5,0,0.0,0.0,0.0,0.0,0.0,False
US30_USD,idx_ps07_baseline_off,2025,M5,0,0.0,0.0,0.0,0.0,0.0,False
US30_USD,idx_ps07_baseline_off,2026,M5,0,0.0,0.0,0.0,0.0,0.0,False
US30_USD,idx_ps07_baseline_on,2023,M5,0,0.0,0.0,0.0,0.0,0.0,False
US30_USD,idx_ps07_baseline_on,2024,M5,0,0.0,0.0,0.0,0.0,0.0,False
US30_USD,idx_ps07_baseline_on,2025,M5,0,0.0,0.0,0.0,0.0,0.0,False
US30_USD,idx_ps07_baseline_on,2026,M5,0,0.0,0.0,0.0,0.0,0.0,False
US30_USD,idx_tighter_stop_off,2023,M5,0,0.0,0.0,0.0,0.0,0.0,False
US30_USD,idx_tighter_stop_off,2024,M5,0,0.0,0.0,0.0,0.0,0.0,False
US30_USD,idx_tighter_stop_off,2025,M5,0,0.0,0.0,0.0,0.0,0.0,False
US30_USD,idx_tighter_stop_off,2026,M5,0,0.0,0.0,0.0,0.0,0.0,False
US30_USD,idx_tighter_stop_on,2023,M5,0,0.0,0.0,0.0,0.0,0.0,False
US30_USD,idx_tighter_stop_on,2024,M5,0,0.0,0.0,0.0,0.0,0.0,False
US30_USD,idx_tighter_stop_on,2025,M5,0,0.0,0.0,0.0,0.0,0.0,False
US30_USD,idx_tighter_stop_on,2026,M5,0,0.0,0.0,0.0,0.0,0.0,False
US30_USD,idx_wider_stop_off,2023,M5,0,0.0,0.0,0.0,0.0,0.0,False
US30_USD,idx_wider_stop_off,2024,M5,0,0.0,0.0,0.0,0.0,0.0,False
US30_USD,idx_wider_stop_off,2025,M5,0,0.0,0.0,0.0,0.0,0.0,False
US30_USD,idx_wider_stop_off,2026,M5,0,0.0,0.0,0.0,0.0,0.0,False
US30_USD,idx_wider_stop_on,2023,M5,0,0.0,0.0,0.0,0.0,0.0,False
US30_USD,idx_wider_stop_on,2024,M5,0,0.0,0.0,0.0,0.0,0.0,False
US30_USD,idx_wider_stop_on,2025,M5,0,0.0,0.0,0.0,0.0,0.0,False
US30_USD,idx_wider_stop_on,2026,M5,0,0.0,0.0,0.0,0.0,0.0,False
WTICO_USD,met_balanced_off,2023,M15,2,50.0,0.2793103448275976,-1.0,-0.30000000000000004,-0.6000000000000001,False
WTICO_USD,met_balanced_off,2024,M15,2,100.0,,0.0,0.4,0.8,True
WTICO_USD,met_balanced_off,2025,M15,3,66.67,0.7551867219916996,0.0,-0.06666666666666665,-0.19999999999999996,False
WTICO_USD,met_balanced_off,2026,M15,1,0.0,0.0,0.0,-0.5699088145896646,-0.5699088145896646,False
WTICO_USD,met_balanced_on,2023,M15,2,50.0,0.2793103448275976,-1.0,-0.30000000000000004,-0.6000000000000001,False
WTICO_USD,met_balanced_on,2024,M15,2,100.0,,0.0,0.4,0.8,True
WTICO_USD,met_balanced_on,2025,M15,3,66.67,0.7551867219916996,0.0,-0.06666666666666665,-0.19999999999999996,False
WTICO_USD,met_balanced_on,2026,M15,1,0.0,0.0,0.0,-0.5699088145896646,-0.5699088145896646,False
WTICO_USD,met_buffered_off,2023,M15,1,0.0,0.0,0.0,-1.0,-1.0,False
WTICO_USD,met_buffered_off,2024,M15,2,50.0,0.9124137931034589,0.0,-0.09166666666666068,-0.18333333333332136,False
WTICO_USD,met_buffered_off,2025,M15,3,66.67,0.8187500000000071,0.0,-0.03460410557184462,-0.10381231671553387,False
WTICO_USD,met_buffered_off,2026,M15,1,0.0,0.0,0.0,-0.5296610169491537,-0.5296610169491537,False
WTICO_USD,met_buffered_on,2023,M15,1,0.0,0.0,0.0,-1.0,-1.0,False
WTICO_USD,met_buffered_on,2024,M15,2,50.0,0.9124137931034589,0.0,-0.09166666666666068,-0.18333333333332136,False
WTICO_USD,met_buffered_on,2025,M15,3,66.67,0.8187500000000071,0.0,-0.03460410557184462,-0.10381231671553387,False
WTICO_USD,met_buffered_on,2026,M15,1,0.0,0.0,0.0,-0.5296610169491537,-0.5296610169491537,False
WTICO_USD,met_smaller_target_off,2023,M15,2,50.0,0.209482758620686,-1.0,-0.35000000000000875,-0.7000000000000175,False
WTICO_USD,met_smaller_target_off,2024,M15,1,100.0,,0.0,0.299999999999989,0.299999999999989,True
WTICO_USD,met_smaller_target_off,2025,M15,3,66.67,0.5663900414937806,0.0,-0.13333333333333156,-0.39999999999999464,False
WTICO_USD,met_smaller_target_off,2026,M15,1,0.0,0.0,0.0,-0.5699088145896646,-0.5699088145896646,False
WTICO_USD,met_smaller_target_on,2023,M15,2,50.0,0.209482758620686,-1.0,-0.35000000000000875,-0.7000000000000175,False
WTICO_USD,met_smaller_target_on,2024,M15,1,100.0,,0.0,0.299999999999989,0.299999999999989,True
WTICO_USD,met_smaller_target_on,2025,M15,3,66.67,0.5663900414937806,0.0,-0.13333333333333156,-0.39999999999999464,False
WTICO_USD,met_smaller_target_on,2026,M15,1,0.0,0.0,0.0,-0.5699088145896646,-0.5699088145896646,False
XAG_USD,met_balanced_off,2023,M15,2,100.0,,0.0,0.7,1.4,True
XAG_USD,met_balanced_off,2024,M15,2,100.0,,0.0,0.21926782273603207,0.43853564547206414,True
XAG_USD,met_balanced_off,2025,M15,2,0.0,0.0,-0.8315037018126115,-0.7182867517145407,-1.4365735034290814,False
XAG_USD,met_balanced_off,2026,M15,1,0.0,0.0,0.0,-1.0,-1.0,False
XAG_USD,met_balanced_on,2023,M15,2,100.0,,0.0,0.7,1.4,True
XAG_USD,met_balanced_on,2024,M15,2,100.0,,0.0,0.21926782273603207,0.43853564547206414,True
XAG_USD,met_balanced_on,2025,M15,2,0.0,0.0,-0.8315037018126115,-0.7182867517145407,-1.4365735034290814,False
XAG_USD,met_balanced_on,2026,M15,1,0.0,0.0,0.0,-1.0,-1.0,False
XAG_USD,met_buffered_off,2023,M15,1,0.0,0.0,0.0,-0.18091451292247632,-0.18091451292247632,False
XAG_USD,met_buffered_off,2024,M15,3,66.67,0.12738853503185096,-1.0,-0.31346560331660067,-0.940396809949802,False
XAG_USD,met_buffered_off,2025,M15,2,0.0,0.0,-0.5504478620922937,-0.44962037323166704,-0.8992407464633341,False
XAG_USD,met_buffered_off,2026,M15,1,0.0,0.0,0.0,-1.0,-1.0,False
XAG_USD,met_buffered_on,2023,M15,1,0.0,0.0,0.0,-0.18091451292247632,-0.18091451292247632,False
XAG_USD,met_buffered_on,2024,M15,3,66.67,0.12738853503185096,-1.0,-0.31346560331660067,-0.940396809949802,False
XAG_USD,met_buffered_on,2025,M15,2,0.0,0.0,-0.5504478620922937,-0.44962037323166704,-0.8992407464633341,False
XAG_USD,met_buffered_on,2026,M15,1,0.0,0.0,0.0,-1.0,-1.0,False
XAG_USD,met_smaller_target_off,2023,M15,2,100.0,,0.0,0.5250000000000227,1.0500000000000453,True
XAG_USD,met_smaller_target_off,2024,M15,2,100.0,,0.0,0.16926782273567678,0.33853564547135356,True
XAG_USD,met_smaller_target_off,2025,M15,2,0.0,0.0,-0.8315037018126115,-0.7182867517145407,-1.4365735034290814,False
XAG_USD,met_smaller_target_off,2026,M15,1,0.0,0.0,0.0,-1.0,-1.0,False
XAG_USD,met_smaller_target_on,2023,M15,2,100.0,,0.0,0.5250000000000227,1.0500000000000453,True
XAG_USD,met_smaller_target_on,2024,M15,2,100.0,,0.0,0.16926782273567678,0.33853564547135356,True
XAG_USD,met_smaller_target_on,2025,M15,2,0.0,0.0,-0.8315037018126115,-0.7182867517145407,-1.4365735034290814,False
XAG_USD,met_smaller_target_on,2026,M15,1,0.0,0.0,0.0,-1.0,-1.0,False
XAU_USD,met_balanced_off,2023,M15,4,50.0,0.15598326359832387,-1.0,-0.30000000000000004,-1.2000000000000002,False
XAU_USD,met_balanced_off,2024,M15,8,12.5,0.05394054395951843,-5.6,-0.825,-6.6,False
XAU_USD,met_balanced_off,2025,M15,0,0.0,0.0,0.0,0.0,0.0,False
XAU_USD,met_balanced_off,2026,M15,1,0.0,0.0,0.0,-1.0,-1.0,False
XAU_USD,met_balanced_on,2023,M15,4,50.0,0.15598326359832387,-1.0,-0.30000000000000004,-1.2000000000000002,False
XAU_USD,met_balanced_on,2024,M15,7,14.29,0.059172911462668856,-4.6,-0.7999999999999999,-5.6,False
XAU_USD,met_balanced_on,2025,M15,0,0.0,0.0,0.0,0.0,0.0,False
XAU_USD,met_balanced_on,2026,M15,0,0.0,0.0,0.0,0.0,0.0,False
XAU_USD,met_buffered_off,2023,M15,2,100.0,,0.0,0.2999999999999754,0.5999999999999508,True
XAU_USD,met_buffered_off,2024,M15,8,12.5,0.040497203231819205,-5.700000000000008,-0.837500000000001,-6.700000000000008,False
XAU_USD,met_buffered_off,2025,M15,0,0.0,0.0,0.0,0.0,0.0,False
XAU_USD,met_buffered_off,2026,M15,1,0.0,0.0,0.0,-1.0,-1.0,False
XAU_USD,met_buffered_on,2023,M15,2,100.0,,0.0,0.2999999999999754,0.5999999999999508,True
XAU_USD,met_buffered_on,2024,M15,7,14.29,0.04447174447174231,-4.700000000000008,-0.8142857142857155,-5.700000000000008,False
XAU_USD,met_buffered_on,2025,M15,0,0.0,0.0,0.0,0.0,0.0,False
XAU_USD,met_buffered_on,2026,M15,0,0.0,0.0,0.0,0.0,0.0,False
XAU_USD,met_smaller_target_off,2023,M15,4,50.0,0.11698744769874292,-1.0,-0.34999999999998244,-1.3999999999999297,False
XAU_USD,met_smaller_target_off,2024,M15,8,12.5,0.040455407969638826,-5.7,-0.8375,-6.7,False
XAU_USD,met_smaller_target_off,2025,M15,0,0.0,0.0,0.0,0.0,0.0,False
XAU_USD,met_smaller_target_off,2026,M15,1,0.0,0.0,0.0,-1.0,-1.0,False
XAU_USD,met_smaller_target_on,2023,M15,4,50.0,0.11698744769874292,-1.0,-0.34999999999998244,-1.3999999999999297,False
XAU_USD,met_smaller_target_on,2024,M15,7,14.29,0.044379683597001646,-4.7,-0.8142857142857143,-5.7,False
XAU_USD,met_smaller_target_on,2025,M15,0,0.0,0.0,0.0,0.0,0.0,False
XAU_USD,met_smaller_target_on,2026,M15,0,0.0,0.0,0.0,0.0,0.0,False
