timestamp,open,high,low,close,volume
2025-10-19 21:00:00+00:00,202.098,202.772,201.826,202.735,28260.0
2025-10-20 01:00:00+00:00,202.734,203.114,202.276,202.346,30177.0
2025-10-20 05:00:00+00:00,202.347,202.51,202.102,202.2,30945.0
2025-10-20 09:00:00+00:00,202.198,202.514,201.83,202.295,48896.0
2025-10-20 13:00:00+00:00,202.294,202.315,201.894,202.152,48732.0
2025-10-20 17:00:00+00:00,202.146,202.208,202.018,202.095,16385.0
2025-10-20 21:00:00+00:00,202.065,202.194,201.82,202.096,21684.0
2025-10-21 01:00:00+00:00,202.096,202.53,201.911,202.324,37319.0
2025-10-21 05:00:00+00:00,202.325,202.928,202.068,202.856,61819.0
2025-10-21 09:00:00+00:00,202.856,203.532,202.842,203.519,44454.0
2025-10-21 13:00:00+00:00,203.522,203.527,202.579,203.082,59120.0
2025-10-21 17:00:00+00:00,203.08,203.207,202.98,203.114,24732.0
2025-10-21 21:00:00+00:00,203.104,203.142,202.742,202.75,21182.0
2025-10-22 01:00:00+00:00,202.752,203.138,202.64,203.044,30524.0
2025-10-22 05:00:00+00:00,203.045,203.271,201.992,202.06,40559.0
2025-10-22 09:00:00+00:00,202.064,202.558,201.924,202.428,42032.0
2025-10-22 13:00:00+00:00,202.426,203.054,202.334,202.926,58786.0
2025-10-22 17:00:00+00:00,202.932,203.052,202.532,202.964,31656.0
2025-10-22 21:00:00+00:00,202.891,203.168,202.82,203.054,20601.0
2025-10-23 01:00:00+00:00,203.056,203.396,203.022,203.306,21200.0
2025-10-23 05:00:00+00:00,203.307,203.781,203.205,203.732,37906.0
2025-10-23 09:00:00+00:00,203.732,203.796,203.456,203.532,35120.0
2025-10-23 13:00:00+00:00,203.532,203.674,203.214,203.31,47547.0
2025-10-23 17:00:00+00:00,203.31,203.45,203.21,203.348,18358.0
2025-10-23 21:00:00+00:00,203.289,203.499,203.271,203.484,25595.0
2025-10-24 01:00:00+00:00,203.483,203.728,203.482,203.668,26141.0
2025-10-24 05:00:00+00:00,203.668,203.945,203.425,203.74,44494.0
2025-10-24 09:00:00+00:00,203.736,203.814,203.343,203.755,49928.0
2025-10-24 13:00:00+00:00,203.758,203.989,203.09,203.209,54495.0
2025-10-24 17:00:00+00:00,203.208,203.54,203.2,203.504,19241.0
2025-10-26 21:00:00+00:00,203.697,204.064,203.627,203.713,24831.0
2025-10-27 01:00:00+00:00,203.713,203.936,203.574,203.92,24019.0
2025-10-27 05:00:00+00:00,203.923,204.082,203.54,203.656,40008.0
2025-10-27 09:00:00+00:00,203.658,204.06,203.548,204.014,41615.0
2025-10-27 13:00:00+00:00,204.014,204.248,203.853,204.02,50041.0
2025-10-27 17:00:00+00:00,204.021,204.173,203.744,203.866,18885.0
2025-10-27 21:00:00+00:00,203.863,203.924,203.482,203.585,19789.0
2025-10-28 01:00:00+00:00,203.584,203.596,202.961,203.006,36971.0
2025-10-28 05:00:00+00:00,203.008,203.329,202.05,202.212,48061.0
2025-10-28 09:00:00+00:00,202.21,202.452,202.047,202.099,41683.0
2025-10-28 13:00:00+00:00,202.1,202.275,201.672,202.156,53273.0
2025-10-28 17:00:00+00:00,202.155,202.175,201.763,201.882,24005.0
2025-10-28 21:00:00+00:00,201.912,201.982,201.134,201.254,24354.0
2025-10-29 01:00:00+00:00,201.258,201.722,201.152,201.522,30626.0
2025-10-29 05:00:00+00:00,201.522,201.961,200.994,201.219,41953.0
2025-10-29 09:00:00+00:00,201.216,201.43,200.908,201.015,39416.0
2025-10-29 13:00:00+00:00,201.014,201.465,200.568,201.262,51075.0
2025-10-29 17:00:00+00:00,201.254,201.666,201.002,201.532,68518.0
2025-10-29 21:00:00+00:00,201.446,201.711,201.308,201.54,24804.0
2025-10-30 01:00:00+00:00,201.54,202.108,200.99,201.904,56289.0
2025-10-30 05:00:00+00:00,201.909,203.122,201.746,203.062,64610.0
2025-10-30 09:00:00+00:00,203.064,203.267,202.58,202.701,56049.0
2025-10-30 13:00:00+00:00,202.705,203.16,202.511,202.726,67539.0
2025-10-30 17:00:00+00:00,202.726,202.832,202.444,202.706,35447.0
2025-10-30 21:00:00+00:00,202.688,202.752,202.445,202.514,23107.0
2025-10-31 01:00:00+00:00,202.518,202.616,202.185,202.531,33958.0
2025-10-31 05:00:00+00:00,202.532,202.93,202.314,202.694,43143.0
2025-10-31 09:00:00+00:00,202.696,202.774,201.863,202.022,42053.0
2025-10-31 13:00:00+00:00,202.026,202.474,201.852,202.328,54786.0
2025-10-31 17:00:00+00:00,202.328,202.6,202.296,202.546,27641.0
2025-11-02 22:00:00+00:00,202.248,202.634,202.248,202.43,19302.0
2025-11-03 02:00:00+00:00,202.43,202.588,202.38,202.556,14883.0
2025-11-03 06:00:00+00:00,202.556,202.794,202.11,202.346,32861.0
2025-11-03 10:00:00+00:00,202.348,202.668,202.267,202.477,30344.0
2025-11-03 14:00:00+00:00,202.478,202.804,201.958,202.634,51094.0
2025-11-03 18:00:00+00:00,202.634,202.701,202.519,202.612,17290.0
2025-11-03 22:00:00+00:00,202.7,202.73,202.374,202.553,23926.0
2025-11-04 02:00:00+00:00,202.554,202.568,201.688,201.72,31662.0
2025-11-04 06:00:00+00:00,201.719,201.779,200.384,200.495,58396.0
2025-11-04 10:00:00+00:00,200.494,200.838,200.252,200.289,44858.0
2025-11-04 14:00:00+00:00,200.289,200.426,200.01,200.111,52902.0
2025-11-04 18:00:00+00:00,200.108,200.15,199.878,200.073,25799.0
2025-11-04 22:00:00+00:00,200.1,200.222,199.07,199.352,34669.0
2025-11-05 02:00:00+00:00,199.353,200.084,199.264,199.914,35540.0
2025-11-05 06:00:00+00:00,199.914,200.443,199.835,200.41,40950.0
2025-11-05 10:00:00+00:00,200.408,200.734,199.992,200.572,41983.0
2025-11-05 14:00:00+00:00,200.572,201.246,200.515,200.902,53271.0
2025-11-05 18:00:00+00:00,200.902,201.182,200.834,201.14,17074.0
2025-11-05 22:00:00+00:00,201.092,201.176,200.83,201.008,22793.0
2025-11-06 02:00:00+00:00,201.007,201.174,200.89,200.979,20407.0
2025-11-06 06:00:00+00:00,200.978,201.202,200.78,201.072,38342.0
2025-11-06 10:00:00+00:00,201.07,201.384,200.65,201.214,32095.0
2025-11-06 14:00:00+00:00,201.212,201.248,200.306,200.794,60124.0
2025-11-06 18:00:00+00:00,200.794,201.205,200.755,201.116,27466.0
2025-11-06 22:00:00+00:00,200.939,201.254,200.826,200.989,31630.0
2025-11-07 02:00:00+00:00,200.988,201.204,200.71,201.187,22863.0
2025-11-07 06:00:00+00:00,201.191,201.392,200.97,201.047,32343.0
2025-11-07 10:00:00+00:00,201.044,201.4,200.652,201.375,44142.0
2025-11-07 14:00:00+00:00,201.376,201.806,201.14,201.639,60982.0
2025-11-07 18:00:00+00:00,201.635,202.1,201.59,201.954,32941.0
2025-11-09 22:00:00+00:00,202.328,202.382,201.777,202.31,34835.0
2025-11-10 02:00:00+00:00,202.308,202.62,202.23,202.518,28778.0
2025-11-10 06:00:00+00:00,202.512,203.206,202.384,203.08,37135.0
2025-11-10 10:00:00+00:00,203.08,203.241,202.824,202.974,30235.0
2025-11-10 14:00:00+00:00,202.974,202.978,202.472,202.892,49510.0
2025-11-10 18:00:00+00:00,202.894,203.116,202.856,203.065,20956.0
2025-11-10 22:00:00+00:00,202.982,203.281,202.954,203.169,25236.0
2025-11-11 02:00:00+00:00,203.168,203.284,202.928,202.928,29040.0
2025-11-11 06:00:00+00:00,202.93,203.142,202.328,202.632,30041.0
2025-11-11 10:00:00+00:00,202.63,202.862,202.456,202.546,35480.0
2025-11-11 14:00:00+00:00,202.546,203.051,202.5,202.983,45347.0
2025-11-11 18:00:00+00:00,202.982,203.066,202.678,202.703,19971.0
2025-11-11 22:00:00+00:00,202.789,202.868,202.609,202.764,22583.0
2025-11-12 02:00:00+00:00,202.767,203.274,202.69,203.106,21472.0
2025-11-12 06:00:00+00:00,203.106,203.574,202.954,203.096,34040.0
2025-11-12 10:00:00+00:00,203.096,203.41,202.858,203.055,40030.0
2025-11-12 14:00:00+00:00,203.054,203.268,202.772,203.13,47315.0
2025-11-12 18:00:00+00:00,203.131,203.334,203.051,203.325,23784.0
2025-11-12 22:00:00+00:00,203.276,203.328,203.034,203.073,25562.0
2025-11-13 02:00:00+00:00,203.074,203.316,202.973,203.262,29438.0
2025-11-13 06:00:00+00:00,203.262,203.544,202.974,203.3,44721.0
2025-11-13 10:00:00+00:00,203.3,203.828,203.274,203.658,42285.0
2025-11-13 14:00:00+00:00,203.66,204.078,203.372,203.882,67843.0
2025-11-13 18:00:00+00:00,203.881,203.953,203.652,203.864,37294.0
2025-11-13 22:00:00+00:00,203.872,204.016,203.038,203.128,31551.0
2025-11-14 02:00:00+00:00,203.137,203.265,202.936,203.116,30599.0
2025-11-14 06:00:00+00:00,203.118,203.964,202.642,203.504,51090.0
2025-11-14 10:00:00+00:00,203.504,203.588,202.347,202.893,50568.0
2025-11-14 14:00:00+00:00,202.894,203.608,202.668,203.532,61660.0
2025-11-14 18:00:00+00:00,203.528,203.617,203.274,203.572,28562.0
2025-11-16 22:00:00+00:00,203.418,203.551,203.138,203.36,27762.0
2025-11-17 02:00:00+00:00,203.36,203.544,203.282,203.313,22860.0
2025-11-17 06:00:00+00:00,203.314,203.911,203.3,203.726,37110.0
2025-11-17 10:00:00+00:00,203.723,204.255,203.623,204.038,29974.0
2025-11-17 14:00:00+00:00,204.037,204.53,203.97,204.348,41062.0
2025-11-17 18:00:00+00:00,204.347,204.373,204.024,204.246,29603.0
2025-11-17 22:00:00+00:00,204.286,204.303,204.053,204.11,29266.0
2025-11-18 02:00:00+00:00,204.111,204.204,203.702,204.108,39001.0
2025-11-18 06:00:00+00:00,204.106,204.303,203.776,204.176,50299.0
2025-11-18 10:00:00+00:00,204.176,204.362,203.9,204.118,39898.0
2025-11-18 14:00:00+00:00,204.118,204.604,203.989,204.599,65475.0
2025-11-18 18:00:00+00:00,204.6,204.748,204.413,204.446,33063.0
2025-11-18 22:00:00+00:00,204.488,204.556,204.174,204.214,25656.0
2025-11-19 02:00:00+00:00,204.214,204.26,203.984,204.26,35379.0
2025-11-19 06:00:00+00:00,204.261,204.746,204.191,204.726,48645.0
2025-11-19 10:00:00+00:00,204.726,205.051,204.504,205.03,31381.0
2025-11-19 14:00:00+00:00,205.031,205.37,204.59,204.853,54927.0
2025-11-19 18:00:00+00:00,204.849,205.299,204.74,205.256,34619.0
2025-11-19 22:00:00+00:00,205.219,205.396,204.808,205.379,30241.0
2025-11-20 02:00:00+00:00,205.38,205.719,205.185,205.662,31304.0
2025-11-20 06:00:00+00:00,205.662,206.05,205.301,205.58,42860.0
2025-11-20 10:00:00+00:00,205.58,206.468,205.553,206.352,46126.0
2025-11-20 14:00:00+00:00,206.351,206.863,205.646,205.844,75060.0
2025-11-20 18:00:00+00:00,205.845,206.226,205.799,205.846,38942.0
2025-11-20 22:00:00+00:00,205.934,206.05,205.588,206.022,36886.0
2025-11-21 02:00:00+00:00,206.023,206.055,205.611,205.806,36298.0
2025-11-21 06:00:00+00:00,205.801,205.86,204.716,204.755,49114.0
2025-11-21 10:00:00+00:00,204.752,205.282,204.38,205.18,53174.0
2025-11-21 14:00:00+00:00,205.181,205.334,204.296,205.08,75257.0
2025-11-21 18:00:00+00:00,205.082,205.2,204.81,204.855,47966.0
2025-11-23 22:00:00+00:00,204.974,205.252,204.93,205.134,30463.0
2025-11-24 02:00:00+00:00,205.126,205.245,205.07,205.165,30753.0
2025-11-24 06:00:00+00:00,205.166,205.52,205.122,205.186,49390.0
2025-11-24 10:00:00+00:00,205.185,205.915,205.14,205.65,46972.0
2025-11-24 14:00:00+00:00,205.652,205.756,205.22,205.536,53388.0
2025-11-24 18:00:00+00:00,205.534,205.684,205.438,205.642,23687.0
2025-11-24 22:00:00+00:00,205.592,205.716,205.314,205.34,26618.0
2025-11-25 02:00:00+00:00,205.339,205.472,205.244,205.356,25530.0
2025-11-25 06:00:00+00:00,205.354,205.618,205.005,205.301,38186.0
2025-11-25 10:00:00+00:00,205.304,205.57,205.033,205.398,42627.0
2025-11-25 14:00:00+00:00,205.394,205.96,205.352,205.807,63357.0
2025-11-25 18:00:00+00:00,205.805,205.996,205.404,205.484,25830.0
2025-11-25 22:00:00+00:00,205.456,205.98,205.396,205.514,33927.0
2025-11-26 02:00:00+00:00,205.518,205.984,205.346,205.944,37727.0
2025-11-26 06:00:00+00:00,205.944,206.26,205.914,206.12,49149.0
2025-11-26 10:00:00+00:00,206.118,206.954,205.504,206.686,64425.0
2025-11-26 14:00:00+00:00,206.685,207.074,206.526,206.866,43350.0
2025-11-26 18:00:00+00:00,206.867,207.228,206.788,207.219,20941.0
2025-11-26 22:00:00+00:00,207.184,207.208,206.435,206.876,25202.0
2025-11-27 02:00:00+00:00,206.874,207.063,206.651,206.83,30376.0
2025-11-27 06:00:00+00:00,206.83,207.004,206.498,206.608,30827.0
2025-11-27 10:00:00+00:00,206.604,207.076,206.556,206.949,22557.0
2025-11-27 14:00:00+00:00,206.95,207.196,206.854,206.948,21333.0
2025-11-27 18:00:00+00:00,206.949,207.002,206.869,206.93,8377.0
2025-11-27 22:00:00+00:00,206.913,207.206,206.804,206.935,28650.0
2025-11-28 02:00:00+00:00,206.934,206.996,206.623,206.905,96729.0
2025-11-28 06:00:00+00:00,206.911,206.97,206.337,206.475,123467.0
2025-11-28 10:00:00+00:00,206.474,206.596,206.162,206.344,113477.0
2025-11-28 14:00:00+00:00,206.346,206.898,206.324,206.778,64665.0
2025-11-28 18:00:00+00:00,206.78,206.828,206.61,206.645,40029.0
2025-11-30 22:00:00+00:00,206.496,206.762,205.897,206.034,43544.0
2025-12-01 02:00:00+00:00,206.032,206.052,205.58,205.72,37395.0
2025-12-01 06:00:00+00:00,205.716,205.826,205.252,205.492,49047.0
2025-12-01 10:00:00+00:00,205.488,205.492,205.212,205.419,54766.0
2025-12-01 14:00:00+00:00,205.418,205.635,205.203,205.45,57699.0
2025-12-01 18:00:00+00:00,205.45,205.533,205.355,205.441,22474.0
2025-12-01 22:00:00+00:00,205.502,205.702,205.338,205.62,22334.0
2025-12-02 02:00:00+00:00,205.62,205.781,205.554,205.688,23056.0
2025-12-02 06:00:00+00:00,205.686,206.26,205.68,206.042,31680.0
2025-12-02 10:00:00+00:00,206.039,206.122,205.682,205.986,25624.0
2025-12-02 14:00:00+00:00,205.988,206.199,205.484,205.758,55541.0
2025-12-02 18:00:00+00:00,205.758,206.024,205.688,205.964,23219.0
2025-12-02 22:00:00+00:00,205.866,206.012,205.79,205.886,23392.0
2025-12-03 02:00:00+00:00,205.885,206.112,205.88,206.092,26459.0
2025-12-03 06:00:00+00:00,206.093,206.696,205.914,206.646,40073.0
2025-12-03 10:00:00+00:00,206.647,206.894,206.445,206.796,46572.0
2025-12-03 14:00:00+00:00,206.798,207.087,206.458,206.982,64508.0
2025-12-03 18:00:00+00:00,206.984,207.35,206.92,207.27,25828.0
2025-12-03 22:00:00+00:00,207.326,207.326,206.884,207.124,26443.0
2025-12-04 02:00:00+00:00,207.122,207.362,206.997,207.046,34096.0
2025-12-04 06:00:00+00:00,207.044,207.294,206.561,206.621,45077.0
2025-12-04 10:00:00+00:00,206.618,206.742,206.348,206.544,47213.0
2025-12-04 14:00:00+00:00,206.546,207.022,206.502,206.739,56834.0
2025-12-04 18:00:00+00:00,206.736,206.849,206.671,206.746,30258.0
2025-12-04 22:00:00+00:00,206.673,206.81,206.526,206.688,28680.0
2025-12-05 02:00:00+00:00,206.686,206.796,206.238,206.316,33259.0
2025-12-05 06:00:00+00:00,206.312,206.864,206.194,206.75,45214.0
2025-12-05 10:00:00+00:00,206.75,207.252,206.733,207.202,29045.0
2025-12-05 14:00:00+00:00,207.204,207.298,206.845,207.012,43356.0
2025-12-05 18:00:00+00:00,207.012,207.17,206.967,207.094,22195.0
2025-12-07 22:00:00+00:00,206.863,207.048,206.608,206.614,27338.0
2025-12-08 02:00:00+00:00,206.612,207.105,206.598,206.994,26341.0
2025-12-08 06:00:00+00:00,206.996,207.19,206.877,207.047,28595.0
2025-12-08 10:00:00+00:00,207.046,207.327,207.046,207.291,26269.0
2025-12-08 14:00:00+00:00,207.296,207.726,207.234,207.526,41059.0
2025-12-08 18:00:00+00:00,207.524,207.81,207.492,207.72,20075.0
2025-12-08 22:00:00+00:00,207.652,207.85,207.596,207.724,21264.0
2025-12-09 02:00:00+00:00,207.728,208.074,207.659,208.014,27983.0
2025-12-09 06:00:00+00:00,208.012,208.715,207.928,208.322,37683.0
2025-12-09 10:00:00+00:00,208.324,208.436,208.028,208.166,37768.0
2025-12-09 14:00:00+00:00,208.166,208.946,208.149,208.666,42134.0
2025-12-09 18:00:00+00:00,208.666,208.786,208.563,208.644,21338.0
2025-12-09 22:00:00+00:00,208.562,208.726,208.372,208.407,22578.0
2025-12-10 02:00:00+00:00,208.406,208.558,208.24,208.534,24692.0
2025-12-10 06:00:00+00:00,208.536,208.874,208.526,208.78,35214.0
2025-12-10 10:00:00+00:00,208.779,208.786,208.482,208.689,34169.0
2025-12-10 14:00:00+00:00,208.692,208.764,208.338,208.602,39430.0
2025-12-10 18:00:00+00:00,208.602,208.904,208.408,208.783,56505.0
2025-12-10 22:00:00+00:00,208.664,208.816,208.257,208.385,28690.0
2025-12-11 02:00:00+00:00,208.385,208.556,208.029,208.528,31603.0
2025-12-11 06:00:00+00:00,208.53,208.65,208.216,208.428,41190.0
2025-12-11 10:00:00+00:00,208.43,208.602,208.106,208.206,45019.0
2025-12-11 14:00:00+00:00,208.204,208.476,207.912,208.348,46706.0
2025-12-11 18:00:00+00:00,208.346,208.49,208.236,208.25,25592.0
2025-12-11 22:00:00+00:00,208.339,208.599,208.195,208.476,28342.0
2025-12-12 02:00:00+00:00,208.477,208.627,208.426,208.625,21528.0
2025-12-12 06:00:00+00:00,208.628,208.728,208.231,208.624,34230.0
2025-12-12 10:00:00+00:00,208.625,208.747,208.386,208.626,29783.0
2025-12-12 14:00:00+00:00,208.628,208.671,207.887,208.328,52158.0
2025-12-12 18:00:00+00:00,208.328,208.432,208.134,208.378,29857.0
2025-12-14 22:00:00+00:00,208.526,208.589,208.098,208.104,22166.0
2025-12-15 02:00:00+00:00,208.116,208.145,207.16,207.19,33658.0
2025-12-15 06:00:00+00:00,207.19,207.538,207.095,207.466,40969.0
2025-12-15 10:00:00+00:00,207.468,207.741,207.301,207.717,30442.0
2025-12-15 14:00:00+00:00,207.726,207.89,207.366,207.616,55587.0
2025-12-15 18:00:00+00:00,207.616,207.7,207.546,207.645,20886.0
2025-12-15 22:00:00+00:00,207.562,207.646,206.993,207.024,34127.0
2025-12-16 02:00:00+00:00,207.024,207.117,206.777,206.904,36875.0
2025-12-16 06:00:00+00:00,206.907,207.742,206.858,207.645,44777.0
2025-12-16 10:00:00+00:00,207.638,207.965,207.524,207.719,51718.0
2025-12-16 14:00:00+00:00,207.72,208.008,207.196,207.642,69361.0
2025-12-16 18:00:00+00:00,207.64,207.884,207.524,207.656,35460.0
2025-12-16 22:00:00+00:00,207.672,207.888,207.414,207.646,24776.0
2025-12-17 02:00:00+00:00,207.646,207.87,207.548,207.647,28011.0
2025-12-17 06:00:00+00:00,207.65,207.998,207.056,207.258,43749.0
2025-12-17 10:00:00+00:00,207.262,207.67,207.147,207.608,40261.0
2025-12-17 14:00:00+00:00,207.606,208.39,207.584,208.216,57771.0
2025-12-17 18:00:00+00:00,208.215,208.41,208.14,208.235,27542.0
2025-12-17 22:00:00+00:00,208.195,208.241,207.866,208.181,23987.0
2025-12-18 02:00:00+00:00,208.182,208.424,208.102,208.316,25029.0
2025-12-18 06:00:00+00:00,208.316,208.558,207.976,208.152,36292.0
2025-12-18 10:00:00+00:00,208.148,208.998,207.922,208.928,51288.0
2025-12-18 14:00:00+00:00,208.928,209.016,208.104,208.268,60521.0
2025-12-18 18:00:00+00:00,208.267,208.38,208.142,208.17,26411.0
2025-12-18 22:00:00+00:00,208.106,208.504,208.046,208.427,24622.0
2025-12-19 02:00:00+00:00,208.426,208.862,208.214,208.656,37597.0
2025-12-19 06:00:00+00:00,208.658,210.39,208.534,210.362,45609.0
2025-12-19 10:00:00+00:00,210.364,210.6,210.17,210.378,33979.0
2025-12-19 14:00:00+00:00,210.378,210.8,210.036,210.61,43008.0
2025-12-19 18:00:00+00:00,210.609,211.07,210.596,210.974,25051.0
2025-12-21 22:00:00+00:00,211.394,211.394,210.638,210.71,46138.0
2025-12-22 02:00:00+00:00,210.709,210.932,210.63,210.824,27615.0
2025-12-22 06:00:00+00:00,210.825,211.466,210.69,211.376,38328.0
2025-12-22 10:00:00+00:00,211.378,211.594,210.842,211.227,43336.0
2025-12-22 14:00:00+00:00,211.224,211.329,211.032,211.288,42312.0
2025-12-22 18:00:00+00:00,211.288,211.426,211.146,211.414,21264.0
2025-12-22 22:00:00+00:00,211.278,211.44,210.791,210.811,24593.0
2025-12-23 02:00:00+00:00,210.81,210.889,210.296,210.39,33157.0
2025-12-23 06:00:00+00:00,210.389,210.818,210.306,210.59,41384.0
2025-12-23 10:00:00+00:00,210.59,211.033,210.44,210.922,38378.0
2025-12-23 14:00:00+00:00,210.922,211.158,210.517,210.529,42163.0
2025-12-23 18:00:00+00:00,210.528,211.246,210.528,211.159,20027.0
2025-12-23 22:00:00+00:00,211.132,211.329,210.478,210.521,32979.0
2025-12-24 02:00:00+00:00,210.508,210.808,210.414,210.555,34795.0
2025-12-24 06:00:00+00:00,210.553,210.714,210.406,210.649,47934.0
2025-12-24 10:00:00+00:00,210.648,210.76,210.543,210.618,43175.0
2025-12-24 14:00:00+00:00,210.618,210.709,210.059,210.448,38491.0
2025-12-24 18:00:00+00:00,210.448,210.643,210.332,210.632,27904.0
2025-12-25 22:00:00+00:00,210.839,211.418,210.349,211.182,32811.0
2025-12-26 02:00:00+00:00,211.182,211.252,210.684,210.794,19373.0
2025-12-26 06:00:00+00:00,210.794,211.078,210.631,210.998,26660.0
2025-12-26 10:00:00+00:00,210.996,211.391,210.926,211.305,33934.0
2025-12-26 14:00:00+00:00,211.304,211.509,211.154,211.292,43374.0
2025-12-26 18:00:00+00:00,211.292,211.427,211.17,211.352,24735.0
2025-12-28 22:00:00+00:00,211.316,211.346,210.711,211.17,36492.0
2025-12-29 02:00:00+00:00,211.171,211.356,210.822,210.878,28163.0
2025-12-29 06:00:00+00:00,210.886,210.927,210.438,210.894,54213.0
2025-12-29 10:00:00+00:00,210.892,211.185,210.61,210.815,50527.0
2025-12-29 14:00:00+00:00,210.814,210.888,210.459,210.626,69925.0
2025-12-29 18:00:00+00:00,210.626,210.91,210.62,210.866,24890.0
2025-12-29 22:00:00+00:00,210.807,211.07,210.644,211.046,26394.0
2025-12-30 02:00:00+00:00,211.042,211.098,210.793,210.89,25286.0
2025-12-30 06:00:00+00:00,210.893,210.962,210.545,210.722,43877.0
2025-12-30 10:00:00+00:00,210.724,210.776,210.433,210.676,43429.0
2025-12-30 14:00:00+00:00,210.675,210.774,210.46,210.586,53018.0
2025-12-30 18:00:00+00:00,210.586,210.756,210.556,210.673,24559.0
2025-12-30 22:00:00+00:00,210.61,210.684,210.496,210.58,16400.0
2025-12-31 02:00:00+00:00,210.586,210.836,210.577,210.789,20919.0
2025-12-31 06:00:00+00:00,210.788,210.834,210.262,210.476,33088.0
2025-12-31 10:00:00+00:00,210.482,211.1,210.384,210.98,37682.0
2025-12-31 14:00:00+00:00,210.984,211.09,210.354,210.966,53187.0
2025-12-31 18:00:00+00:00,210.969,211.228,210.832,211.113,23308.0
2026-01-01 22:00:00+00:00,211.048,211.358,210.981,211.263,10099.0
2026-01-02 02:00:00+00:00,211.266,211.44,211.205,211.384,7552.0
2026-01-02 06:00:00+00:00,211.382,211.448,210.982,211.134,29583.0
2026-01-02 10:00:00+00:00,211.135,211.206,210.758,211.163,37136.0
2026-01-02 14:00:00+00:00,211.159,211.443,211.036,211.06,57800.0
2026-01-02 18:00:00+00:00,211.058,211.184,211.005,211.104,26415.0
2026-01-04 22:00:00+00:00,210.899,211.34,210.798,211.034,29950.0
2026-01-05 02:00:00+00:00,211.034,211.176,210.868,211.068,23803.0
2026-01-05 06:00:00+00:00,211.071,211.135,210.517,210.951,46016.0
2026-01-05 10:00:00+00:00,210.95,211.018,210.712,210.975,46220.0
2026-01-05 14:00:00+00:00,210.974,211.592,210.884,211.559,56215.0
2026-01-05 18:00:00+00:00,211.562,211.848,211.348,211.814,21984.0
2026-01-05 22:00:00+00:00,211.764,212.159,211.694,211.931,27932.0
2026-01-06 02:00:00+00:00,211.929,212.052,211.816,211.95,34251.0
2026-01-06 06:00:00+00:00,211.952,212.084,211.672,211.674,44717.0
2026-01-06 10:00:00+00:00,211.674,211.78,211.31,211.472,37722.0
2026-01-06 14:00:00+00:00,211.472,211.729,211.382,211.696,46697.0
2026-01-06 18:00:00+00:00,211.695,211.744,211.396,211.522,19122.0
2026-01-06 22:00:00+00:00,211.508,211.734,211.374,211.664,24862.0
2026-01-07 02:00:00+00:00,211.662,211.758,211.204,211.257,29342.0
2026-01-07 06:00:00+00:00,211.258,211.361,211.026,211.14,38622.0
2026-01-07 10:00:00+00:00,211.135,211.428,210.977,211.082,38218.0
2026-01-07 14:00:00+00:00,211.084,211.402,210.94,211.018,47396.0
2026-01-07 18:00:00+00:00,211.018,211.103,210.95,210.958,19700.0
2026-01-07 22:00:00+00:00,210.978,211.162,210.83,211.138,20706.0
2026-01-08 02:00:00+00:00,211.139,211.149,210.786,210.852,23958.0
2026-01-08 06:00:00+00:00,210.853,210.854,210.312,210.64,41405.0
2026-01-08 10:00:00+00:00,210.64,210.832,210.516,210.702,29724.0
2026-01-08 14:00:00+00:00,210.703,211.05,210.57,210.692,43811.0
2026-01-08 18:00:00+00:00,210.69,210.954,210.553,210.86,21727.0
2026-01-08 22:00:00+00:00,210.747,211.054,210.657,211.036,24179.0
2026-01-09 02:00:00+00:00,211.038,211.384,211.021,211.362,19317.0
2026-01-09 06:00:00+00:00,211.362,211.609,211.253,211.495,26788.0
2026-01-09 10:00:00+00:00,211.496,211.74,211.296,211.6,36827.0
2026-01-09 14:00:00+00:00,211.594,212.068,211.495,211.84,63209.0
2026-01-09 18:00:00+00:00,211.84,211.856,211.594,211.666,22348.0
2026-01-11 22:00:00+00:00,211.82,211.904,211.618,211.817,32876.0
2026-01-12 02:00:00+00:00,211.815,212.374,211.798,212.264,25611.0
2026-01-12 06:00:00+00:00,212.264,212.482,212.096,212.428,35238.0
2026-01-12 10:00:00+00:00,212.428,212.798,212.384,212.798,33555.0
2026-01-12 14:00:00+00:00,212.8,213.018,212.666,212.854,41421.0
2026-01-12 18:00:00+00:00,212.854,213.016,212.74,212.96,17346.0
2026-01-12 22:00:00+00:00,212.936,213.498,212.678,213.484,28023.0
2026-01-13 02:00:00+00:00,213.496,214.069,213.356,213.92,23516.0
2026-01-13 06:00:00+00:00,213.921,214.298,213.852,214.202,29671.0
2026-01-13 10:00:00+00:00,214.204,214.273,213.708,214.098,39920.0
2026-01-13 14:00:00+00:00,214.096,214.148,213.502,213.632,51591.0
2026-01-13 18:00:00+00:00,213.631,213.804,213.498,213.651,22690.0
2026-01-13 22:00:00+00:00,213.664,214.013,213.584,213.875,23288.0
2026-01-14 02:00:00+00:00,213.876,214.116,213.83,214.077,21531.0
2026-01-14 06:00:00+00:00,214.079,214.099,213.462,213.648,43175.0
2026-01-14 10:00:00+00:00,213.646,213.659,212.844,213.232,44254.0
2026-01-14 14:00:00+00:00,213.234,213.336,212.556,212.631,62337.0
2026-01-14 18:00:00+00:00,212.632,213.098,212.588,213.066,25674.0
2026-01-14 22:00:00+00:00,212.978,213.042,212.576,212.758,32825.0
2026-01-15 02:00:00+00:00,212.765,213.029,212.676,212.731,25047.0
2026-01-15 06:00:00+00:00,212.73,213.313,212.717,212.84,39586.0
2026-01-15 10:00:00+00:00,212.84,212.846,212.322,212.404,30229.0
2026-01-15 14:00:00+00:00,212.406,212.476,212.0,212.204,44919.0
2026-01-15 18:00:00+00:00,212.205,212.312,212.12,212.252,21128.0
2026-01-15 22:00:00+00:00,212.236,212.312,212.053,212.2,23686.0
2026-01-16 02:00:00+00:00,212.204,212.236,211.488,211.957,28588.0
2026-01-16 06:00:00+00:00,211.958,212.003,211.65,211.935,36503.0
2026-01-16 10:00:00+00:00,211.937,212.075,211.638,211.8,39487.0
2026-01-16 14:00:00+00:00,211.798,211.904,211.388,211.574,52822.0
2026-01-16 18:00:00+00:00,211.567,211.716,211.456,211.52,21356.0
2026-01-18 22:00:00+00:00,210.886,211.332,210.716,211.17,47124.0
2026-01-19 02:00:00+00:00,211.169,211.616,211.167,211.506,36882.0
2026-01-19 06:00:00+00:00,211.512,212.068,211.43,211.72,38841.0
2026-01-19 10:00:00+00:00,211.722,211.961,211.663,211.838,34257.0
2026-01-19 14:00:00+00:00,211.836,212.398,211.752,212.26,30696.0
2026-01-19 18:00:00+00:00,212.258,212.353,212.228,212.29,12623.0
2026-01-19 22:00:00+00:00,212.252,212.351,211.851,212.029,29931.0
2026-01-20 02:00:00+00:00,212.028,212.558,211.992,212.51,32147.0
2026-01-20 06:00:00+00:00,212.513,213.498,212.382,212.544,57336.0
2026-01-20 10:00:00+00:00,212.543,212.917,212.148,212.336,54669.0
2026-01-20 14:00:00+00:00,212.337,212.854,212.102,212.551,58483.0
2026-01-20 18:00:00+00:00,212.553,212.646,212.423,212.594,30076.0
2026-01-20 22:00:00+00:00,212.64,212.715,212.402,212.49,29413.0
2026-01-21 02:00:00+00:00,212.493,212.63,212.272,212.594,33310.0
2026-01-21 06:00:00+00:00,212.592,212.63,211.878,211.893,36211.0
2026-01-21 10:00:00+00:00,211.89,212.25,211.593,212.231,49861.0
2026-01-21 14:00:00+00:00,212.23,212.768,212.084,212.356,69885.0
2026-01-21 18:00:00+00:00,212.357,212.664,212.258,212.628,34745.0
2026-01-21 22:00:00+00:00,212.639,212.698,212.384,212.668,29436.0
2026-01-22 02:00:00+00:00,212.668,213.217,212.612,213.138,23084.0
2026-01-22 06:00:00+00:00,213.14,213.436,212.918,213.353,30989.0
2026-01-22 10:00:00+00:00,213.354,213.433,212.681,213.022,52177.0
2026-01-22 14:00:00+00:00,213.024,213.668,212.986,213.6,55563.0
2026-01-22 18:00:00+00:00,213.598,213.968,213.579,213.928,23651.0
2026-01-22 22:00:00+00:00,213.778,214.161,213.707,214.13,26431.0
2026-01-23 02:00:00+00:00,214.13,214.178,213.883,214.121,31767.0
2026-01-23 06:00:00+00:00,214.12,214.856,212.515,213.789,66738.0
2026-01-23 10:00:00+00:00,213.786,214.176,213.722,214.058,44081.0
2026-01-23 14:00:00+00:00,214.056,214.628,212.668,212.786,69940.0
2026-01-23 18:00:00+00:00,212.786,212.934,212.084,212.508,59298.0
2026-01-25 22:00:00+00:00,211.664,212.122,210.887,210.961,57993.0
2026-01-26 02:00:00+00:00,210.962,211.02,210.207,210.616,53452.0
2026-01-26 06:00:00+00:00,210.617,210.911,209.637,210.099,67282.0
2026-01-26 10:00:00+00:00,210.102,210.585,209.614,210.468,55090.0
2026-01-26 14:00:00+00:00,210.464,211.074,210.39,210.762,58819.0
2026-01-26 18:00:00+00:00,210.758,211.082,210.563,210.962,36806.0
2026-01-26 22:00:00+00:00,210.878,211.204,210.782,211.145,33488.0
2026-01-27 02:00:00+00:00,211.144,211.461,211.074,211.338,36571.0
2026-01-27 06:00:00+00:00,211.336,211.764,209.801,210.614,54496.0
2026-01-27 10:00:00+00:00,210.622,211.01,210.258,210.493,71474.0
2026-01-27 14:00:00+00:00,210.49,211.154,210.27,210.631,78305.0
2026-01-27 18:00:00+00:00,210.63,210.959,210.06,210.779,58174.0
2026-01-27 22:00:00+00:00,210.793,211.229,210.519,211.132,45239.0
2026-01-28 02:00:00+00:00,211.132,211.178,210.412,210.709,47064.0
2026-01-28 06:00:00+00:00,210.716,210.85,210.316,210.551,63322.0
2026-01-28 10:00:00+00:00,210.553,210.566,210.066,210.478,55842.0
2026-01-28 14:00:00+00:00,210.478,211.9,210.466,211.71,74108.0
2026-01-28 18:00:00+00:00,211.71,212.034,211.58,211.822,53007.0
2026-01-28 22:00:00+00:00,211.786,211.846,211.338,211.548,50228.0
2026-01-29 02:00:00+00:00,211.546,211.85,211.334,211.747,36675.0
2026-01-29 06:00:00+00:00,211.749,212.167,211.589,211.63,45527.0
2026-01-29 10:00:00+00:00,211.628,211.823,211.426,211.696,42088.0
2026-01-29 14:00:00+00:00,211.696,211.92,210.05,210.978,85672.0
2026-01-29 18:00:00+00:00,210.979,211.518,210.952,211.468,38215.0
2026-01-29 22:00:00+00:00,211.408,211.688,211.142,211.586,37759.0
2026-01-30 02:00:00+00:00,211.587,211.914,211.308,211.732,55376.0
2026-01-30 06:00:00+00:00,211.731,212.001,211.512,211.89,62704.0
2026-01-30 10:00:00+00:00,211.885,212.176,211.786,212.173,58221.0
2026-01-30 14:00:00+00:00,212.172,212.472,211.54,211.728,77311.0
2026-01-30 18:00:00+00:00,211.731,211.878,211.502,211.868,53998.0
2026-02-01 22:00:00+00:00,212.184,212.84,212.021,212.304,50141.0
2026-02-02 02:00:00+00:00,212.304,212.372,211.596,211.772,45113.0
2026-02-02 06:00:00+00:00,211.774,212.272,211.296,212.183,58500.0
2026-02-02 10:00:00+00:00,212.18,212.347,211.909,211.912,51075.0
2026-02-02 14:00:00+00:00,211.912,212.496,211.794,212.428,63555.0
2026-02-02 18:00:00+00:00,212.428,212.698,212.412,212.675,28221.0
2026-02-02 22:00:00+00:00,212.694,212.866,212.496,212.78,30708.0
2026-02-03 02:00:00+00:00,212.78,212.854,212.553,212.782,36717.0
2026-02-03 06:00:00+00:00,212.782,213.14,212.728,213.033,50799.0
2026-02-03 10:00:00+00:00,213.034,213.332,212.86,213.098,42035.0
2026-02-03 14:00:00+00:00,213.101,213.467,212.992,213.272,59899.0
2026-02-03 18:00:00+00:00,213.275,213.438,212.862,213.394,32802.0
2026-02-03 22:00:00+00:00,213.378,214.069,213.284,214.014,30377.0
2026-02-04 02:00:00+00:00,214.015,214.458,214.005,214.37,26040.0
2026-02-04 06:00:00+00:00,214.37,214.858,214.339,214.75,38760.0
2026-02-04 10:00:00+00:00,214.746,215.008,214.57,214.586,40479.0
2026-02-04 14:00:00+00:00,214.588,214.642,213.68,213.802,70352.0
2026-02-04 18:00:00+00:00,213.8,214.326,213.73,214.174,38370.0
2026-02-04 22:00:00+00:00,214.214,214.241,213.926,214.09,24473.0
2026-02-05 02:00:00+00:00,214.089,214.128,213.48,213.806,34076.0
2026-02-05 06:00:00+00:00,213.808,214.204,213.204,213.432,50517.0
2026-02-05 10:00:00+00:00,213.422,213.964,212.6,212.74,70736.0
2026-02-05 14:00:00+00:00,212.738,212.914,211.788,212.492,83607.0
2026-02-05 18:00:00+00:00,212.493,212.704,212.342,212.492,29145.0
2026-02-05 22:00:00+00:00,212.455,212.62,211.61,212.12,35249.0
2026-02-06 02:00:00+00:00,212.121,212.724,212.112,212.722,24940.0
2026-02-06 06:00:00+00:00,212.72,213.295,212.536,213.23,38293.0
2026-02-06 10:00:00+00:00,213.23,213.613,213.002,213.255,33013.0
2026-02-06 14:00:00+00:00,213.254,213.916,213.174,213.878,46614.0
2026-02-06 18:00:00+00:00,213.882,214.061,213.828,214.033,20040.0
2026-02-08 22:00:00+00:00,214.214,214.44,212.605,213.04,57623.0
2026-02-09 02:00:00+00:00,213.043,213.514,213.024,213.216,32045.0
2026-02-09 06:00:00+00:00,213.215,213.215,212.56,213.048,64026.0
2026-02-09 10:00:00+00:00,213.048,213.717,212.832,212.863,61975.0
2026-02-09 14:00:00+00:00,212.862,213.392,212.13,213.234,57384.0
2026-02-09 18:00:00+00:00,213.23,213.59,213.173,213.521,27891.0
2026-02-09 22:00:00+00:00,213.397,213.819,213.083,213.114,28624.0
2026-02-10 02:00:00+00:00,213.116,213.268,212.171,212.434,28133.0
2026-02-10 06:00:00+00:00,212.428,212.792,212.18,212.246,34308.0
2026-02-10 10:00:00+00:00,212.248,212.512,211.65,211.734,40141.0
2026-02-10 14:00:00+00:00,211.731,211.774,210.548,210.786,56373.0
2026-02-10 18:00:00+00:00,210.786,210.885,210.494,210.62,24639.0
2026-02-10 22:00:00+00:00,210.661,210.778,209.949,210.097,23461.0
2026-02-11 02:00:00+00:00,210.094,210.109,209.14,209.206,21769.0
2026-02-11 06:00:00+00:00,209.207,210.016,208.989,209.829,36105.0
2026-02-11 10:00:00+00:00,209.83,210.519,208.676,209.858,48250.0
2026-02-11 14:00:00+00:00,209.856,210.121,208.453,208.732,76583.0
2026-02-11 18:00:00+00:00,208.735,208.918,208.183,208.872,25891.0
2026-02-11 22:00:00+00:00,208.7,209.011,208.352,208.498,29296.0
2026-02-12 02:00:00+00:00,208.498,208.628,207.637,208.56,33985.0
2026-02-12 06:00:00+00:00,208.56,208.966,208.386,208.716,42839.0
2026-02-12 10:00:00+00:00,208.717,209.557,208.598,209.21,36077.0
2026-02-12 14:00:00+00:00,209.212,209.284,207.567,208.177,69679.0
2026-02-12 18:00:00+00:00,208.178,208.396,207.912,208.066,33003.0
2026-02-12 22:00:00+00:00,208.072,208.786,207.928,208.705,28653.0
2026-02-13 02:00:00+00:00,208.698,208.764,208.114,208.539,23237.0
2026-02-13 06:00:00+00:00,208.542,209.336,208.314,209.119,38403.0
2026-02-13 10:00:00+00:00,209.121,209.243,208.468,208.682,41466.0
2026-02-13 14:00:00+00:00,208.684,208.98,208.052,208.558,68253.0
2026-02-13 18:00:00+00:00,208.562,208.706,208.341,208.533,29726.0
2026-02-15 22:00:00+00:00,208.413,208.902,208.264,208.776,23985.0
2026-02-16 02:00:00+00:00,208.774,209.017,208.706,208.949,15524.0
2026-02-16 06:00:00+00:00,208.952,209.644,208.889,209.548,22006.0
2026-02-16 10:00:00+00:00,209.544,209.688,208.972,209.05,19572.0
2026-02-16 14:00:00+00:00,209.046,209.276,208.978,209.142,18248.0
2026-02-16 18:00:00+00:00,209.142,209.266,209.132,209.26,4491.0
2026-02-16 22:00:00+00:00,209.208,209.498,208.508,208.536,24458.0
2026-02-17 02:00:00+00:00,208.534,208.676,208.048,208.133,23607.0
2026-02-17 06:00:00+00:00,208.13,208.243,207.354,207.816,37148.0
2026-02-17 10:00:00+00:00,207.816,208.22,207.238,207.308,34487.0
2026-02-17 14:00:00+00:00,207.301,207.941,207.272,207.904,55172.0
2026-02-17 18:00:00+00:00,207.903,208.013,207.759,207.988,24921.0
2026-02-17 22:00:00+00:00,207.904,208.052,207.628,208.048,22290.0
2026-02-18 02:00:00+00:00,208.05,208.318,208.019,208.076,16584.0
2026-02-18 06:00:00+00:00,208.076,208.73,207.986,208.683,28274.0
2026-02-18 10:00:00+00:00,208.682,208.84,208.495,208.63,26252.0
2026-02-18 14:00:00+00:00,208.63,209.221,208.558,208.96,39750.0
2026-02-18 18:00:00+00:00,208.962,209.132,208.577,208.904,29483.0
2026-02-18 22:00:00+00:00,208.854,209.158,208.644,209.13,22805.0
2026-02-19 02:00:00+00:00,209.131,209.474,208.856,209.464,24637.0
2026-02-19 06:00:00+00:00,209.466,209.542,208.884,209.064,27728.0
2026-02-19 10:00:00+00:00,209.062,209.099,208.09,208.628,32766.0
2026-02-19 14:00:00+00:00,208.628,208.896,208.279,208.541,49744.0
2026-02-19 18:00:00+00:00,208.545,208.852,208.452,208.686,24699.0
2026-02-19 22:00:00+00:00,208.698,208.954,208.529,208.622,24728.0
2026-02-20 02:00:00+00:00,208.62,208.829,208.388,208.802,20823.0
2026-02-20 06:00:00+00:00,208.799,209.503,208.557,209.272,33329.0
2026-02-20 10:00:00+00:00,209.276,209.616,208.964,209.604,32393.0
2026-02-20 14:00:00+00:00,209.594,209.7,208.974,209.086,77345.0
2026-02-20 18:00:00+00:00,209.084,209.272,208.97,209.022,41226.0
2026-02-22 22:00:00+00:00,209.017,209.196,208.222,208.49,34081.0
2026-02-23 02:00:00+00:00,208.489,208.826,208.368,208.807,21860.0
2026-02-23 06:00:00+00:00,208.804,209.207,208.708,209.128,33412.0
2026-02-23 10:00:00+00:00,209.126,209.23,208.686,208.842,33372.0
2026-02-23 14:00:00+00:00,208.84,209.114,208.143,208.366,47105.0
2026-02-23 18:00:00+00:00,208.366,208.862,208.36,208.686,22745.0
2026-02-23 22:00:00+00:00,208.688,209.15,208.546,209.071,34393.0
2026-02-24 02:00:00+00:00,209.074,209.4,208.945,209.301,21104.0
2026-02-24 06:00:00+00:00,209.302,210.738,208.983,210.402,35771.0
2026-02-24 10:00:00+00:00,210.402,210.483,209.993,210.46,28980.0
2026-02-24 14:00:00+00:00,210.459,210.848,210.32,210.557,42951.0
2026-02-24 18:00:00+00:00,210.56,210.56,210.286,210.303,18501.0
2026-02-24 22:00:00+00:00,210.29,210.514,210.172,210.344,25426.0
2026-02-25 02:00:00+00:00,210.344,210.847,210.013,210.398,42951.0
2026-02-25 06:00:00+00:00,210.394,211.708,210.322,211.638,40327.0
2026-02-25 10:00:00+00:00,211.634,212.03,211.513,211.664,29462.0
2026-02-25 14:00:00+00:00,211.666,212.03,211.478,211.915,51753.0
2026-02-25 18:00:00+00:00,211.914,212.123,211.846,212.026,18940.0
2026-02-25 22:00:00+00:00,211.959,212.06,211.462,211.519,33777.0
2026-02-26 02:00:00+00:00,211.524,211.569,211.168,211.473,29673.0
2026-02-26 06:00:00+00:00,211.466,211.629,210.835,211.123,41124.0
2026-02-26 10:00:00+00:00,211.126,211.572,211.05,211.392,30157.0
2026-02-26 14:00:00+00:00,211.392,211.558,210.306,210.364,57098.0
2026-02-26 18:00:00+00:00,210.364,210.69,210.269,210.522,22210.0
2026-02-26 22:00:00+00:00,210.542,210.563,209.986,210.216,30158.0
2026-02-27 02:00:00+00:00,210.22,210.28,209.942,210.214,25849.0
2026-02-27 06:00:00+00:00,210.216,210.837,209.932,210.46,37648.0
2026-02-27 10:00:00+00:00,210.461,210.494,209.806,209.97,39852.0
2026-02-27 14:00:00+00:00,209.974,210.195,209.8,210.056,55527.0
2026-02-27 18:00:00+00:00,210.055,210.548,210.036,210.474,29565.0
2026-03-01 22:00:00+00:00,209.462,210.468,209.366,210.122,56523.0
2026-03-02 02:00:00+00:00,210.122,210.54,210.046,210.395,44692.0
2026-03-02 06:00:00+00:00,210.398,210.421,209.356,209.963,69310.0
2026-03-02 10:00:00+00:00,209.965,211.064,209.904,210.806,60881.0
2026-03-02 14:00:00+00:00,210.796,211.388,210.512,211.11,73924.0
2026-03-02 18:00:00+00:00,211.111,211.118,210.764,210.946,35541.0
2026-03-02 22:00:00+00:00,211.048,211.366,210.75,210.92,35785.0
2026-03-03 02:00:00+00:00,210.918,210.955,210.308,210.338,47298.0
2026-03-03 06:00:00+00:00,210.337,210.388,209.452,209.676,65553.0
2026-03-03 10:00:00+00:00,209.674,210.119,209.43,209.897,78639.0
2026-03-03 14:00:00+00:00,209.897,210.388,209.226,210.286,96112.0
2026-03-03 18:00:00+00:00,210.288,210.748,210.259,210.625,50091.0
2026-03-03 22:00:00+00:00,210.423,210.698,209.8,209.996,45564.0
2026-03-04 02:00:00+00:00,209.995,210.178,209.497,209.848,56713.0
2026-03-04 06:00:00+00:00,209.864,210.457,209.736,210.034,64107.0
2026-03-04 10:00:00+00:00,210.032,210.57,209.978,210.192,61848.0
2026-03-04 14:00:00+00:00,210.192,210.491,209.491,209.738,69523.0
2026-03-04 18:00:00+00:00,209.741,210.165,209.687,210.012,25974.0
2026-03-04 22:00:00+00:00,209.962,210.111,209.364,209.551,36618.0
2026-03-05 02:00:00+00:00,209.548,209.778,209.28,209.291,42932.0
2026-03-05 06:00:00+00:00,209.292,209.927,209.189,209.885,67622.0
2026-03-05 10:00:00+00:00,209.885,210.572,209.714,210.546,51434.0
2026-03-05 14:00:00+00:00,210.538,210.626,209.788,210.202,66336.0
2026-03-05 18:00:00+00:00,210.198,210.488,210.125,210.466,48732.0
2026-03-05 22:00:00+00:00,210.431,210.574,210.2,210.48,34884.0
2026-03-06 02:00:00+00:00,210.488,210.906,210.474,210.822,26222.0
2026-03-06 06:00:00+00:00,210.824,210.996,210.268,210.338,45774.0
2026-03-06 10:00:00+00:00,210.339,210.944,210.308,210.581,73945.0
2026-03-06 14:00:00+00:00,210.58,211.363,210.289,211.25,101150.0
2026-03-06 18:00:00+00:00,211.25,211.68,211.126,211.637,54161.0
2026-03-08 21:00:00+00:00,210.885,211.148,210.606,211.01,52992.0
2026-03-09 01:00:00+00:00,211.018,211.392,210.744,211.068,53533.0
2026-03-09 05:00:00+00:00,211.066,211.497,210.998,211.283,82635.0
2026-03-09 09:00:00+00:00,211.284,211.788,211.136,211.736,83121.0
2026-03-09 13:00:00+00:00,211.738,212.052,211.496,211.764,83901.0
2026-03-09 17:00:00+00:00,211.763,212.188,211.738,211.949,61504.0
2026-03-09 21:00:00+00:00,211.96,212.071,211.706,211.732,44374.0
2026-03-10 01:00:00+00:00,211.728,211.932,211.594,211.816,50234.0
2026-03-10 05:00:00+00:00,211.816,212.267,211.688,212.253,53846.0
2026-03-10 09:00:00+00:00,212.258,212.344,212.072,212.128,62531.0
2026-03-10 13:00:00+00:00,212.125,212.418,212.017,212.14,70250.0
2026-03-10 17:00:00+00:00,212.14,212.234,211.981,212.078,65849.0
2026-03-10 21:00:00+00:00,212.086,212.529,212.041,212.47,27763.0
2026-03-11 01:00:00+00:00,212.472,212.895,212.469,212.724,29774.0
2026-03-11 05:00:00+00:00,212.724,212.794,212.369,212.686,47582.0
2026-03-11 09:00:00+00:00,212.682,212.979,212.398,212.526,47981.0
2026-03-11 13:00:00+00:00,212.528,213.077,212.48,213.001,66037.0
2026-03-11 17:00:00+00:00,213.0,213.308,212.974,213.209,31907.0
2026-03-11 21:00:00+00:00,213.137,213.178,212.746,212.758,26264.0
2026-03-12 01:00:00+00:00,212.758,212.812,212.57,212.636,25202.0
2026-03-12 05:00:00+00:00,212.636,212.775,212.494,212.572,36084.0
2026-03-12 09:00:00+00:00,212.574,212.689,212.442,212.573,38285.0
2026-03-12 13:00:00+00:00,212.574,212.75,212.414,212.515,72106.0
2026-03-12 17:00:00+00:00,212.516,212.874,212.514,212.639,42063.0
2026-03-12 21:00:00+00:00,212.544,212.792,212.434,212.601,25467.0
2026-03-13 01:00:00+00:00,212.602,212.882,212.576,212.648,24351.0
2026-03-13 05:00:00+00:00,212.647,212.65,211.288,211.29,47007.0
2026-03-13 09:00:00+00:00,211.292,211.624,211.1,211.46,45283.0
2026-03-13 13:00:00+00:00,211.462,211.538,211.137,211.394,66309.0
2026-03-13 17:00:00+00:00,211.394,211.517,211.077,211.226,34421.0
2026-03-15 21:00:00+00:00,211.317,211.426,210.994,211.288,20128.0
2026-03-16 01:00:00+00:00,211.288,211.594,211.24,211.44,21273.0
2026-03-16 05:00:00+00:00,211.442,211.488,210.812,211.175,38647.0
2026-03-16 09:00:00+00:00,211.174,211.373,211.024,211.296,47335.0
2026-03-16 13:00:00+00:00,211.294,211.95,211.28,211.878,52924.0
2026-03-16 17:00:00+00:00,211.878,212.12,211.834,211.838,33459.0
2026-03-16 21:00:00+00:00,211.85,211.952,211.779,211.934,17739.0
2026-03-17 01:00:00+00:00,211.938,212.146,211.893,211.966,24011.0
2026-03-17 05:00:00+00:00,211.967,212.087,211.638,212.076,38275.0
2026-03-17 09:00:00+00:00,212.072,212.276,211.827,212.034,38923.0
2026-03-17 13:00:00+00:00,212.034,212.274,211.974,212.151,59885.0
2026-03-17 17:00:00+00:00,212.15,212.492,212.15,212.36,20803.0
2026-03-17 21:00:00+00:00,212.418,212.498,212.14,212.386,27420.0
2026-03-18 01:00:00+00:00,212.388,212.45,212.152,212.234,23542.0
2026-03-18 05:00:00+00:00,212.233,212.287,211.957,212.208,32702.0
2026-03-18 09:00:00+00:00,212.205,212.496,212.194,212.298,36784.0
2026-03-18 13:00:00+00:00,212.302,212.664,212.197,212.659,60491.0
2026-03-18 17:00:00+00:00,212.661,212.732,211.904,211.949,55494.0
2026-03-18 21:00:00+00:00,211.97,212.276,211.808,212.274,21840.0
2026-03-19 01:00:00+00:00,212.274,212.354,211.836,211.905,27895.0
2026-03-19 05:00:00+00:00,211.902,212.006,210.852,210.974,48442.0
2026-03-19 09:00:00+00:00,210.976,211.708,210.974,211.337,64111.0
2026-03-19 13:00:00+00:00,211.328,211.91,210.803,211.298,92771.0
2026-03-19 17:00:00+00:00,211.3,212.16,211.291,211.817,54900.0
2026-03-19 21:00:00+00:00,211.825,212.078,211.71,211.916,16137.0
2026-03-20 01:00:00+00:00,211.916,212.366,211.822,212.275,23321.0
2026-03-20 05:00:00+00:00,212.277,212.778,212.262,212.655,32950.0
2026-03-20 09:00:00+00:00,212.654,212.7,212.238,212.36,52363.0
2026-03-20 13:00:00+00:00,212.36,212.44,211.758,212.198,66663.0
2026-03-20 17:00:00+00:00,212.2,212.608,212.189,212.434,48307.0
2026-03-22 21:00:00+00:00,212.152,212.455,211.851,212.455,27742.0
2026-03-23 01:00:00+00:00,212.456,212.75,212.257,212.382,38799.0
2026-03-23 05:00:00+00:00,212.384,212.608,211.861,212.194,57634.0
2026-03-23 09:00:00+00:00,212.201,213.034,211.586,212.871,115422.0
2026-03-23 13:00:00+00:00,212.874,213.31,212.382,212.654,132902.0
2026-03-23 17:00:00+00:00,212.658,212.838,212.504,212.716,53645.0
2026-03-23 21:00:00+00:00,212.853,212.878,212.362,212.508,34186.0
2026-03-24 01:00:00+00:00,212.508,212.718,212.289,212.642,47568.0
2026-03-24 05:00:00+00:00,212.64,212.989,212.259,212.448,60331.0
2026-03-24 09:00:00+00:00,212.444,212.848,212.382,212.696,61149.0
2026-03-24 13:00:00+00:00,212.695,212.884,212.41,212.688,81847.0
2026-03-24 17:00:00+00:00,212.687,212.936,212.492,212.848,57579.0
2026-03-24 21:00:00+00:00,212.786,213.202,212.582,213.045,34487.0
2026-03-25 01:00:00+00:00,213.048,213.122,212.744,212.772,25746.0
2026-03-25 05:00:00+00:00,212.772,213.214,212.643,212.884,40068.0
2026-03-25 09:00:00+00:00,212.883,213.216,212.776,212.998,46959.0
2026-03-25 13:00:00+00:00,212.996,213.084,212.654,213.058,70227.0
2026-03-25 17:00:00+00:00,213.058,213.202,213.01,213.138,30957.0
2026-03-25 21:00:00+00:00,213.162,213.186,212.915,213.039,18540.0
2026-03-26 01:00:00+00:00,213.038,213.127,212.932,213.094,19224.0
2026-03-26 05:00:00+00:00,213.094,213.106,212.704,212.938,35995.0
2026-03-26 09:00:00+00:00,212.937,213.091,212.717,212.804,37879.0
2026-03-26 13:00:00+00:00,212.807,213.314,212.803,212.948,61141.0
2026-03-26 17:00:00+00:00,212.946,213.098,212.736,212.99,41898.0
2026-03-26 21:00:00+00:00,212.93,213.115,212.598,212.754,23792.0
2026-03-27 01:00:00+00:00,212.754,212.995,212.692,212.984,22912.0
2026-03-27 05:00:00+00:00,212.986,213.101,212.725,212.81,31403.0
2026-03-27 09:00:00+00:00,212.796,212.878,212.232,212.346,37046.0
2026-03-27 13:00:00+00:00,212.346,213.008,212.303,212.626,62517.0
2026-03-27 17:00:00+00:00,212.625,212.802,212.524,212.606,31514.0
2026-03-29 21:00:00+00:00,212.44,212.709,211.878,211.88,30558.0
2026-03-30 01:00:00+00:00,211.88,212.078,211.762,212.02,34918.0
2026-03-30 05:00:00+00:00,212.02,212.116,211.284,211.346,43926.0
2026-03-30 09:00:00+00:00,211.348,211.388,210.798,210.82,50592.0
2026-03-30 13:00:00+00:00,210.818,210.89,210.207,210.314,60176.0
2026-03-30 17:00:00+00:00,210.314,210.624,210.294,210.606,31397.0
2026-03-30 21:00:00+00:00,210.568,211.064,210.428,211.053,28047.0
2026-03-31 01:00:00+00:00,211.056,211.224,210.654,210.656,35892.0
2026-03-31 05:00:00+00:00,210.652,210.966,210.414,210.834,43367.0
2026-03-31 09:00:00+00:00,210.83,211.208,210.724,210.956,55168.0
2026-03-31 13:00:00+00:00,210.956,211.057,209.632,210.072,81342.0
2026-03-31 17:00:00+00:00,210.072,210.426,209.913,209.97,48459.0
2026-03-31 21:00:00+00:00,209.998,210.346,209.828,210.272,31790.0
2026-04-01 01:00:00+00:00,210.272,210.338,209.878,210.207,43741.0
2026-04-01 05:00:00+00:00,210.209,210.778,210.17,210.669,73925.0
2026-04-01 09:00:00+00:00,210.668,211.16,210.584,210.87,64167.0
2026-04-01 13:00:00+00:00,210.872,211.433,210.774,211.426,88380.0
2026-04-01 17:00:00+00:00,211.423,211.444,211.05,211.243,51321.0
2026-04-01 21:00:00+00:00,211.274,211.327,210.986,211.188,26671.0
2026-04-02 01:00:00+00:00,211.188,211.286,210.85,210.874,62723.0
2026-04-02 05:00:00+00:00,210.875,211.074,210.348,210.768,50166.0
2026-04-02 09:00:00+00:00,210.768,210.966,210.476,210.91,43719.0
2026-04-02 13:00:00+00:00,210.909,211.049,210.588,211.02,79178.0
2026-04-02 17:00:00+00:00,211.02,211.214,210.986,211.094,27820.0
2026-04-02 21:00:00+00:00,211.038,211.207,210.93,211.205,15049.0
2026-04-03 01:00:00+00:00,211.204,211.226,211.012,211.114,8695.0
2026-04-03 05:00:00+00:00,211.114,211.309,211.05,211.272,14963.0
2026-04-03 09:00:00+00:00,211.27,211.286,210.681,210.888,25400.0
2026-04-03 13:00:00+00:00,210.887,210.973,210.626,210.661,23859.0
2026-04-03 17:00:00+00:00,210.664,210.853,210.437,210.797,16904.0
2026-04-05 21:00:00+00:00,210.603,210.844,210.406,210.824,27090.0
2026-04-06 01:00:00+00:00,210.814,210.895,210.608,210.838,19734.0
2026-04-06 05:00:00+00:00,210.838,211.4,210.828,211.176,30863.0
2026-04-06 09:00:00+00:00,211.181,211.298,211.11,211.145,24610.0
2026-04-06 13:00:00+00:00,211.144,211.548,211.13,211.331,39698.0
2026-04-06 17:00:00+00:00,211.332,211.418,211.211,211.38,17311.0
2026-04-06 21:00:00+00:00,211.4,211.504,211.268,211.476,22750.0
2026-04-07 01:00:00+00:00,211.476,211.523,211.238,211.38,22707.0
2026-04-07 05:00:00+00:00,211.38,211.884,211.252,211.856,47887.0
2026-04-07 09:00:00+00:00,211.856,211.87,211.474,211.722,45177.0
2026-04-07 13:00:00+00:00,211.721,211.996,211.573,211.884,55771.0
2026-04-07 17:00:00+00:00,211.886,212.31,211.86,212.186,41806.0
2026-04-07 21:00:00+00:00,212.142,212.8,212.092,212.46,70352.0
2026-04-08 01:00:00+00:00,212.462,212.66,212.146,212.448,45463.0
2026-04-08 05:00:00+00:00,212.454,212.768,212.278,212.664,59630.0
2026-04-08 09:00:00+00:00,212.664,213.158,212.548,212.902,49950.0
2026-04-08 13:00:00+00:00,212.9,213.002,212.637,212.676,67821.0
2026-04-08 17:00:00+00:00,212.672,212.705,212.382,212.408,39620.0
2026-04-08 21:00:00+00:00,212.398,212.745,212.386,212.732,21673.0
2026-04-09 01:00:00+00:00,212.732,212.774,212.568,212.695,22150.0
2026-04-09 05:00:00+00:00,212.697,213.161,212.642,213.122,33220.0
2026-04-09 09:00:00+00:00,213.123,213.406,213.077,213.32,38318.0
2026-04-09 13:00:00+00:00,213.318,213.792,213.248,213.454,57003.0
2026-04-09 17:00:00+00:00,213.453,213.852,213.451,213.636,31030.0
2026-04-09 21:00:00+00:00,213.534,213.758,213.534,213.706,22439.0
2026-04-10 01:00:00+00:00,213.706,213.746,213.552,213.656,35344.0
2026-04-10 05:00:00+00:00,213.654,213.852,213.622,213.818,31765.0
2026-04-10 09:00:00+00:00,213.824,214.214,213.744,214.198,34921.0
2026-04-10 13:00:00+00:00,214.199,214.466,214.108,214.318,52307.0
2026-04-10 17:00:00+00:00,214.319,214.586,214.308,214.386,36064.0
2026-04-12 21:00:00+00:00,213.744,214.176,213.67,214.046,24450.0
2026-04-13 01:00:00+00:00,214.045,214.168,213.982,214.114,21866.0
2026-04-13 05:00:00+00:00,214.114,214.47,214.009,214.461,37003.0
2026-04-13 09:00:00+00:00,214.462,214.7,214.394,214.636,33258.0
2026-04-13 13:00:00+00:00,214.635,215.04,214.568,214.946,57865.0
2026-04-13 17:00:00+00:00,214.946,215.379,214.885,215.34,27702.0
2026-04-13 21:00:00+00:00,215.313,215.37,215.06,215.114,16473.0
2026-04-14 01:00:00+00:00,215.113,215.164,214.913,214.998,19967.0
2026-04-14 05:00:00+00:00,215.0,215.381,214.926,215.344,42087.0
2026-04-14 09:00:00+00:00,215.346,215.7,215.102,215.647,42820.0
2026-04-14 13:00:00+00:00,215.645,215.788,215.442,215.502,49103.0
2026-04-14 17:00:00+00:00,215.502,215.546,215.342,215.44,20028.0
2026-04-14 21:00:00+00:00,215.464,215.647,215.368,215.562,26616.0
2026-04-15 01:00:00+00:00,215.565,215.741,215.565,215.704,29504.0
2026-04-15 05:00:00+00:00,215.706,215.791,215.192,215.374,36355.0
2026-04-15 09:00:00+00:00,215.375,215.686,215.252,215.672,43725.0
2026-04-15 13:00:00+00:00,215.67,215.835,215.483,215.662,52012.0
2026-04-15 17:00:00+00:00,215.657,215.911,215.553,215.592,22108.0
2026-04-15 21:00:00+00:00,215.675,215.692,215.417,215.462,18127.0
2026-04-16 01:00:00+00:00,215.46,215.577,215.122,215.481,26632.0
2026-04-16 05:00:00+00:00,215.481,215.738,215.368,215.433,36687.0
2026-04-16 09:00:00+00:00,215.434,215.564,215.25,215.55,39788.0
2026-04-16 13:00:00+00:00,215.55,215.649,215.166,215.354,53686.0
2026-04-16 17:00:00+00:00,215.354,215.467,215.264,215.276,24944.0
2026-04-16 21:00:00+00:00,215.33,215.484,215.198,215.43,15313.0
2026-04-17 01:00:00+00:00,215.436,215.664,215.336,215.644,17642.0
2026-04-17 05:00:00+00:00,215.645,215.696,215.246,215.335,35844.0
2026-04-17 09:00:00+00:00,215.336,215.46,215.149,215.182,48264.0
2026-04-17 13:00:00+00:00,215.17,215.206,214.006,214.211,77731.0
2026-04-17 17:00:00+00:00,214.21,214.496,214.204,214.424,35821.0
2026-04-19 21:00:00+00:00,214.226,214.728,214.178,214.584,24898.0
2026-04-20 01:00:00+00:00,214.584,214.659,214.42,214.598,23752.0
2026-04-20 05:00:00+00:00,214.592,214.762,214.326,214.592,48721.0
2026-04-20 09:00:00+00:00,214.592,214.878,214.515,214.747,46161.0
2026-04-20 13:00:00+00:00,214.75,214.922,214.544,214.792,60262.0
2026-04-20 17:00:00+00:00,214.792,215.104,214.784,214.947,24874.0
2026-04-20 21:00:00+00:00,214.929,215.039,214.806,214.974,20386.0
2026-04-21 01:00:00+00:00,214.976,215.036,214.822,214.836,16748.0
2026-04-21 05:00:00+00:00,214.838,215.007,214.606,214.944,45277.0
2026-04-21 09:00:00+00:00,214.948,215.234,214.877,215.134,32377.0
2026-04-21 13:00:00+00:00,215.135,215.422,215.062,215.248,55005.0
2026-04-21 17:00:00+00:00,215.248,215.348,215.034,215.348,48370.0
2026-04-21 21:00:00+00:00,215.258,215.368,215.146,215.202,23019.0
2026-04-22 01:00:00+00:00,215.201,215.363,215.12,215.23,19422.0
2026-04-22 05:00:00+00:00,215.23,215.607,215.093,215.592,38128.0
2026-04-22 09:00:00+00:00,215.592,215.662,214.926,215.048,42884.0
2026-04-22 13:00:00+00:00,215.048,215.428,215.007,215.409,53607.0
2026-04-22 17:00:00+00:00,215.409,215.541,215.313,215.346,22237.0
2026-04-22 21:00:00+00:00,215.382,215.416,215.157,215.236,22668.0
2026-04-23 01:00:00+00:00,215.238,215.294,215.072,215.238,27610.0
2026-04-23 05:00:00+00:00,215.239,215.692,215.188,215.663,32226.0
2026-04-23 09:00:00+00:00,215.66,215.736,215.134,215.135,53723.0
2026-04-23 13:00:00+00:00,215.134,215.545,215.046,215.138,48944.0
2026-04-23 17:00:00+00:00,215.14,215.163,214.953,215.132,49101.0
2026-04-23 21:00:00+00:00,215.054,215.214,214.964,215.206,15083.0
2026-04-24 01:00:00+00:00,215.208,215.26,215.012,215.106,21536.0
2026-04-24 05:00:00+00:00,215.107,215.336,214.949,215.248,37137.0
2026-04-24 09:00:00+00:00,215.249,215.49,215.09,215.418,51863.0
2026-04-24 13:00:00+00:00,215.416,215.5,215.248,215.464,55411.0
2026-04-24 17:00:00+00:00,215.464,215.777,215.424,215.596,22263.0
2026-04-26 21:00:00+00:00,215.534,215.732,215.457,215.646,14020.0
2026-04-27 01:00:00+00:00,215.646,215.75,215.574,215.624,27873.0
2026-04-27 05:00:00+00:00,215.624,215.762,215.523,215.712,37417.0
2026-04-27 09:00:00+00:00,215.714,216.058,215.646,215.73,37250.0
2026-04-27 13:00:00+00:00,215.74,215.974,215.542,215.86,44765.0
2026-04-27 17:00:00+00:00,215.86,215.872,215.71,215.754,19829.0
2026-04-27 21:00:00+00:00,215.888,215.91,215.682,215.802,15885.0
2026-04-28 01:00:00+00:00,215.798,215.821,215.14,215.248,25675.0
2026-04-28 05:00:00+00:00,215.248,215.684,214.952,215.38,36770.0
2026-04-28 09:00:00+00:00,215.38,215.42,215.05,215.159,48676.0
2026-04-28 13:00:00+00:00,215.16,215.652,215.118,215.64,56270.0
2026-04-28 17:00:00+00:00,215.638,215.836,215.595,215.774,20632.0
2026-04-28 21:00:00+00:00,215.674,215.843,215.607,215.786,11300.0
2026-04-29 01:00:00+00:00,215.784,215.842,215.662,215.721,19416.0
2026-04-29 05:00:00+00:00,215.72,215.755,215.49,215.7,32363.0
2026-04-29 09:00:00+00:00,215.698,216.012,215.649,215.978,35328.0
2026-04-29 13:00:00+00:00,215.974,216.284,215.802,216.117,48873.0
2026-04-29 17:00:00+00:00,216.118,216.26,215.897,216.218,42184.0
2026-04-29 21:00:00+00:00,216.188,216.242,215.985,216.146,24923.0
2026-04-30 01:00:00+00:00,216.143,216.194,215.996,216.099,36505.0
2026-04-30 05:00:00+00:00,216.1,216.602,215.029,215.206,55931.0
2026-04-30 09:00:00+00:00,215.19,215.283,210.46,211.916,115868.0
2026-04-30 13:00:00+00:00,211.912,213.074,211.13,212.6,84357.0
2026-04-30 17:00:00+00:00,212.601,213.102,212.497,213.054,40285.0
2026-04-30 21:00:00+00:00,212.976,213.963,212.974,213.692,25876.0
2026-05-01 01:00:00+00:00,213.694,214.047,213.608,213.813,33920.0
2026-05-01 05:00:00+00:00,213.813,213.852,211.81,212.935,61474.0
2026-05-01 09:00:00+00:00,212.936,213.486,212.812,213.437,42332.0
2026-05-01 13:00:00+00:00,213.436,213.661,213.022,213.427,63887.0
2026-05-01 17:00:00+00:00,213.428,213.435,213.052,213.248,33767.0
2026-05-03 21:00:00+00:00,213.194,213.268,213.014,213.19,18296.0
2026-05-04 01:00:00+00:00,213.19,213.623,211.788,212.968,42662.0
2026-05-04 05:00:00+00:00,212.97,213.248,212.744,212.84,41161.0
2026-05-04 09:00:00+00:00,212.842,213.072,212.559,213.041,55337.0
2026-05-04 13:00:00+00:00,213.04,213.116,212.538,212.615,63670.0
2026-05-04 17:00:00+00:00,212.614,212.844,211.92,212.79,37403.0
2026-05-04 21:00:00+00:00,212.786,212.8,212.604,212.629,15724.0
2026-05-05 01:00:00+00:00,212.628,212.749,212.584,212.588,17681.0
2026-05-05 05:00:00+00:00,212.582,213.095,212.56,212.992,38193.0
2026-05-05 09:00:00+00:00,212.991,213.726,212.828,213.686,44288.0
2026-05-05 13:00:00+00:00,213.685,214.076,213.666,213.901,46403.0
2026-05-05 17:00:00+00:00,213.902,213.984,213.752,213.762,20864.0
2026-05-05 21:00:00+00:00,213.83,214.027,213.7,213.935,28652.0
2026-05-06 01:00:00+00:00,213.936,214.234,210.765,211.904,49814.0
2026-05-06 05:00:00+00:00,211.902,212.728,211.676,212.542,66666.0
2026-05-06 09:00:00+00:00,212.541,212.78,212.26,212.722,77548.0
2026-05-06 13:00:00+00:00,212.727,212.768,212.366,212.488,61480.0
2026-05-06 17:00:00+00:00,212.492,212.722,212.474,212.558,30414.0
2026-05-06 21:00:00+00:00,212.558,212.748,212.362,212.482,24817.0
2026-05-07 01:00:00+00:00,212.482,212.694,212.296,212.616,31714.0
2026-05-07 05:00:00+00:00,212.614,212.963,212.404,212.954,37550.0
2026-05-07 09:00:00+00:00,212.954,213.124,212.83,212.916,32044.0
2026-05-07 13:00:00+00:00,212.918,213.094,212.864,212.936,51380.0
2026-05-07 17:00:00+00:00,212.94,212.974,212.626,212.648,44255.0
2026-05-07 21:00:00+00:00,212.667,212.754,212.442,212.71,20274.0
2026-05-08 01:00:00+00:00,212.711,212.861,212.545,212.77,26722.0
2026-05-08 05:00:00+00:00,212.772,213.335,212.762,213.33,36141.0
2026-05-08 09:00:00+00:00,213.33,213.402,213.192,213.252,33671.0
2026-05-08 13:00:00+00:00,213.258,213.488,213.116,213.382,45548.0
2026-05-08 17:00:00+00:00,213.378,213.709,213.328,213.608,22007.0
2026-05-10 21:00:00+00:00,212.299,213.495,212.299,213.423,18513.0
2026-05-11 01:00:00+00:00,213.424,213.656,213.364,213.398,22964.0
2026-05-11 05:00:00+00:00,213.402,213.808,213.331,213.764,28232.0
2026-05-11 09:00:00+00:00,213.767,213.87,213.478,213.856,32160.0
2026-05-11 13:00:00+00:00,213.858,214.425,213.851,214.384,40758.0
2026-05-11 17:00:00+00:00,214.385,214.424,213.95,213.992,21343.0
2026-05-11 21:00:00+00:00,213.942,214.028,213.826,213.999,15486.0
2026-05-12 01:00:00+00:00,214.0,214.204,213.96,214.077,21285.0
2026-05-12 05:00:00+00:00,214.078,214.144,212.748,213.26,44486.0
2026-05-12 09:00:00+00:00,213.26,213.493,213.01,213.286,35546.0
2026-05-12 13:00:00+00:00,213.286,213.404,212.947,213.252,56591.0
2026-05-12 17:00:00+00:00,213.252,213.442,213.14,213.426,25985.0
2026-05-12 21:00:00+00:00,213.35,213.526,213.322,213.487,14330.0
2026-05-13 01:00:00+00:00,213.488,213.526,213.321,213.462,22309.0
2026-05-13 05:00:00+00:00,213.462,213.702,213.31,213.428,28635.0
2026-05-13 09:00:00+00:00,213.428,213.454,212.886,212.938,33614.0
2026-05-13 13:00:00+00:00,212.942,213.477,212.94,213.348,43025.0
2026-05-13 17:00:00+00:00,213.343,213.568,213.315,213.524,21859.0
2026-05-13 21:00:00+00:00,213.495,213.584,213.265,213.574,13755.0
2026-05-14 01:00:00+00:00,213.572,213.71,213.14,213.569,23649.0
2026-05-14 05:00:00+00:00,213.572,213.599,213.264,213.48,26839.0
2026-05-14 09:00:00+00:00,213.476,213.503,213.188,213.385,32671.0
2026-05-14 13:00:00+00:00,213.384,213.423,212.486,212.628,51035.0
2026-05-14 17:00:00+00:00,212.63,212.664,211.884,212.253,27065.0
2026-05-14 21:00:00+00:00,212.202,212.284,211.908,212.039,21150.0
2026-05-15 01:00:00+00:00,212.04,212.05,211.779,211.837,30181.0
2026-05-15 05:00:00+00:00,211.836,211.904,211.436,211.614,52423.0
2026-05-15 09:00:00+00:00,211.616,212.067,211.296,211.751,48892.0
2026-05-15 13:00:00+00:00,211.752,211.954,211.334,211.568,54982.0
2026-05-15 17:00:00+00:00,211.564,211.626,211.402,211.553,27039.0
2026-05-17 21:00:00+00:00,211.442,211.628,211.344,211.524,25496.0
2026-05-18 01:00:00+00:00,211.526,211.818,211.395,211.699,33461.0
2026-05-18 05:00:00+00:00,211.7,212.562,211.672,212.469,42086.0
2026-05-18 09:00:00+00:00,212.466,212.72,212.119,212.572,47752.0
2026-05-18 13:00:00+00:00,212.572,213.553,212.424,213.44,57682.0
2026-05-18 17:00:00+00:00,213.438,213.5,213.174,213.404,36164.0
2026-05-18 21:00:00+00:00,213.354,213.482,213.186,213.386,17567.0
2026-05-19 01:00:00+00:00,213.385,213.398,213.134,213.156,28119.0
2026-05-19 05:00:00+00:00,213.158,213.367,213.001,213.135,39706.0
2026-05-19 09:00:00+00:00,213.133,213.514,212.856,213.27,45632.0
2026-05-19 13:00:00+00:00,213.262,213.304,212.653,212.813,59261.0
2026-05-19 17:00:00+00:00,212.812,213.217,212.812,213.088,28523.0
2026-05-19 21:00:00+00:00,213.183,213.218,212.872,212.888,23918.0
2026-05-20 01:00:00+00:00,212.888,212.962,212.76,212.886,37515.0
2026-05-20 05:00:00+00:00,212.888,213.01,212.637,212.834,44965.0
2026-05-20 09:00:00+00:00,212.834,213.176,212.829,213.046,35555.0
2026-05-20 13:00:00+00:00,213.045,213.601,213.008,213.506,70840.0
2026-05-20 17:00:00+00:00,213.505,213.622,213.454,213.523,32442.0
2026-05-20 21:00:00+00:00,213.556,213.572,213.391,213.474,15241.0
2026-05-21 01:00:00+00:00,213.473,213.573,213.293,213.562,22082.0
2026-05-21 05:00:00+00:00,213.562,213.829,213.376,213.598,37380.0
2026-05-21 09:00:00+00:00,213.601,213.784,213.46,213.496,42068.0
2026-05-21 13:00:00+00:00,213.493,213.593,213.289,213.384,54477.0
2026-05-21 17:00:00+00:00,213.384,213.712,213.368,213.512,43907.0
2026-05-21 21:00:00+00:00,213.406,213.636,213.366,213.575,18829.0
2026-05-22 01:00:00+00:00,213.575,213.634,213.47,213.623,20866.0
2026-05-22 05:00:00+00:00,213.623,213.739,213.444,213.583,23677.0
2026-05-22 09:00:00+00:00,213.58,213.74,213.496,213.73,33783.0
2026-05-22 13:00:00+00:00,213.731,214.049,213.556,213.984,46328.0
2026-05-22 17:00:00+00:00,213.984,214.014,213.786,213.825,25877.0
2026-05-24 21:00:00+00:00,213.753,214.31,213.635,214.182,15781.0
2026-05-25 01:00:00+00:00,214.179,214.23,214.052,214.197,17608.0
2026-05-25 05:00:00+00:00,214.195,214.444,214.192,214.436,24798.0
2026-05-25 09:00:00+00:00,214.436,214.614,214.387,214.532,18636.0
2026-05-25 13:00:00+00:00,214.53,214.602,214.422,214.575,20670.0
2026-05-25 17:00:00+00:00,214.574,214.684,214.567,214.674,6286.0
2026-05-25 21:00:00+00:00,214.56,214.652,214.426,214.52,16495.0
2026-05-26 01:00:00+00:00,214.518,214.551,214.322,214.355,18991.0
2026-05-26 05:00:00+00:00,214.356,214.646,214.268,214.538,27766.0
2026-05-26 09:00:00+00:00,214.538,214.684,214.39,214.432,33997.0
2026-05-26 13:00:00+00:00,214.433,214.512,214.079,214.132,38716.0
2026-05-26 17:00:00+00:00,214.135,214.326,214.11,214.226,17900.0
2026-05-26 21:00:00+00:00,214.208,214.356,214.198,214.318,14740.0
2026-05-27 01:00:00+00:00,214.318,214.324,214.164,214.252,21776.0
2026-05-27 05:00:00+00:00,214.252,214.421,214.192,214.329,25295.0
2026-05-27 09:00:00+00:00,214.33,214.378,214.134,214.262,40406.0
2026-05-27 13:00:00+00:00,214.26,214.484,214.01,214.222,49322.0
2026-05-27 17:00:00+00:00,214.223,214.286,214.077,214.202,18938.0
2026-05-27 21:00:00+00:00,214.084,214.216,213.984,214.022,14618.0
2026-05-28 01:00:00+00:00,214.026,214.032,213.332,213.478,29163.0
2026-05-28 05:00:00+00:00,213.478,213.89,213.424,213.702,36154.0
2026-05-28 09:00:00+00:00,213.702,213.894,213.426,213.89,39159.0
2026-05-28 13:00:00+00:00,213.892,214.136,213.809,214.02,55938.0
2026-05-28 17:00:00+00:00,214.021,214.103,213.983,214.086,23926.0
2026-05-28 21:00:00+00:00,214.072,214.186,213.994,214.102,15326.0
2026-05-29 01:00:00+00:00,214.1,214.222,214.024,214.077,23182.0
2026-05-29 05:00:00+00:00,214.08,214.168,213.596,213.642,31780.0
2026-05-29 09:00:00+00:00,213.644,213.963,213.594,213.956,38043.0
2026-05-29 13:00:00+00:00,213.956,214.637,213.908,214.397,53303.0
2026-05-29 17:00:00+00:00,214.4,214.542,214.25,214.321,35561.0
2026-05-31 21:00:00+00:00,214.467,214.587,214.318,214.495,28185.0
2026-06-01 01:00:00+00:00,214.496,214.616,214.478,214.59,19167.0
2026-06-01 05:00:00+00:00,214.59,214.884,214.584,214.796,34607.0
2026-06-01 09:00:00+00:00,214.796,214.864,214.579,214.732,36127.0
2026-06-01 13:00:00+00:00,214.733,214.848,214.17,214.838,60766.0
2026-06-01 17:00:00+00:00,214.84,215.014,214.767,214.836,26954.0
2026-06-01 21:00:00+00:00,214.9,214.967,214.755,214.812,21301.0
2026-06-02 01:00:00+00:00,214.81,215.067,214.8,215.06,23152.0
2026-06-02 05:00:00+00:00,215.062,215.322,215.017,215.072,35498.0
2026-06-02 09:00:00+00:00,215.072,215.317,215.029,215.262,32436.0
2026-06-02 13:00:00+00:00,215.262,215.529,215.218,215.334,37011.0
2026-06-02 17:00:00+00:00,215.336,215.45,215.226,215.341,20086.0
2026-06-02 21:00:00+00:00,215.325,215.412,215.196,215.372,17314.0
2026-06-03 01:00:00+00:00,215.374,215.382,215.188,215.214,19656.0
2026-06-03 05:00:00+00:00,215.215,215.256,214.43,214.76,41876.0
2026-06-03 09:00:00+00:00,214.76,215.034,214.724,214.806,37186.0
2026-06-03 13:00:00+00:00,214.801,215.015,214.675,214.746,54463.0
2026-06-03 17:00:00+00:00,214.746,214.842,214.666,214.804,21664.0
2026-06-03 21:00:00+00:00,214.789,214.828,214.622,214.69,21698.0
2026-06-04 01:00:00+00:00,214.687,214.772,214.365,214.724,26527.0
2026-06-04 05:00:00+00:00,214.724,214.774,214.466,214.717,33591.0
2026-06-04 09:00:00+00:00,214.716,215.162,214.712,215.116,45844.0
2026-06-04 13:00:00+00:00,215.116,215.14,214.876,214.926,44947.0
2026-06-04 17:00:00+00:00,214.924,214.96,214.776,214.816,18851.0
2026-06-04 21:00:00+00:00,214.906,214.948,214.668,214.72,20800.0
2026-06-05 01:00:00+00:00,214.721,214.852,214.592,214.818,23657.0
2026-06-05 05:00:00+00:00,214.817,215.236,214.736,215.218,32505.0
2026-06-05 09:00:00+00:00,215.216,215.614,214.756,214.762,43195.0
2026-06-05 13:00:00+00:00,214.766,214.844,213.868,214.066,70658.0
2026-06-05 17:00:00+00:00,214.064,214.093,213.529,213.866,42091.0
2026-06-07 21:00:00+00:00,213.631,214.024,213.462,214.019,23037.0
2026-06-08 01:00:00+00:00,214.018,214.05,213.562,213.898,36344.0
2026-06-08 05:00:00+00:00,213.9,213.989,212.956,213.18,54774.0
2026-06-08 09:00:00+00:00,213.177,213.83,212.933,213.554,56059.0
2026-06-08 13:00:00+00:00,213.555,213.791,213.51,213.711,57758.0
2026-06-08 17:00:00+00:00,213.71,213.85,213.64,213.656,30462.0
2026-06-08 21:00:00+00:00,213.664,213.776,213.501,213.697,21638.0
2026-06-09 01:00:00+00:00,213.696,214.06,213.676,214.026,26695.0
2026-06-09 05:00:00+00:00,214.026,214.37,213.924,214.318,41024.0
2026-06-09 09:00:00+00:00,214.318,214.736,214.306,214.716,31451.0
2026-06-09 13:00:00+00:00,214.718,214.796,214.33,214.484,71466.0
2026-06-09 17:00:00+00:00,214.484,214.748,214.472,214.548,38865.0
2026-06-09 21:00:00+00:00,214.432,214.588,214.374,214.574,22906.0
2026-06-10 01:00:00+00:00,214.572,214.729,214.381,214.616,29880.0
2026-06-10 05:00:00+00:00,214.616,214.84,214.568,214.75,39886.0
2026-06-10 09:00:00+00:00,214.749,215.04,214.652,214.816,50605.0
2026-06-10 13:00:00+00:00,214.81,215.24,214.652,214.882,72224.0
2026-06-10 17:00:00+00:00,214.886,214.993,214.623,214.628,36845.0
2026-06-10 21:00:00+00:00,214.616,214.71,214.332,214.623,32409.0
2026-06-11 01:00:00+00:00,214.624,214.872,214.624,214.815,25011.0
2026-06-11 05:00:00+00:00,214.816,214.948,214.493,214.534,32778.0
2026-06-11 09:00:00+00:00,214.534,214.614,214.231,214.493,38424.0
2026-06-11 13:00:00+00:00,214.498,214.502,213.874,214.038,58455.0
2026-06-11 17:00:00+00:00,214.038,214.628,213.926,214.611,57737.0
2026-06-11 21:00:00+00:00,214.606,214.865,214.514,214.765,24253.0
2026-06-12 01:00:00+00:00,214.764,215.006,214.622,214.926,33648.0
2026-06-12 05:00:00+00:00,214.928,214.973,214.632,214.742,54949.0
2026-06-12 09:00:00+00:00,214.74,214.858,214.568,214.64,47367.0
2026-06-12 13:00:00+00:00,214.642,215.027,214.606,214.96,67215.0
2026-06-12 17:00:00+00:00,214.96,215.019,214.726,214.812,27852.0
2026-06-14 21:00:00+00:00,214.747,215.328,214.424,215.252,24239.0
2026-06-15 01:00:00+00:00,215.252,215.366,215.158,215.275,21809.0
2026-06-15 05:00:00+00:00,215.278,215.377,214.893,214.954,32315.0
2026-06-15 09:00:00+00:00,214.955,215.09,214.914,215.064,33451.0
2026-06-15 13:00:00+00:00,215.066,215.25,214.968,215.162,41153.0
2026-06-15 17:00:00+00:00,215.162,215.25,214.965,215.074,24017.0
2026-06-15 21:00:00+00:00,215.156,215.218,214.818,214.889,17008.0
2026-06-16 01:00:00+00:00,214.888,214.942,214.531,214.7,27257.0
2026-06-16 05:00:00+00:00,214.703,215.222,214.592,215.216,38628.0
